Bug name,Multi-location,Number locations,Number tests,Used in coverage,Used in code clones,Used in fitness,,"2: used, but should be taken out",1: used,"0: unused, but should be","- unused, unneeded"
Chart 1,-,1,1,-,-,-,,,,,
Chart 2,1,8,2,1,-,1,,,,,
Chart 3,-,1,1,-,-,-,,,,,
Chart 4,-,1,22,-,-,-,,,,,
Chart 5,1,2,1,-,1,1,,,,,
Chart 6,-,1,2,-,-,-,,,,,
Chart 7,1,2,1,-,1,1,,,,,
Chart 8,-,1,1,-,-,-,,,,,
Chart 9,-,1,1,-,-,-,,,,,
Chart 10,-,1,1,-,-,-,,,,,
Chart 11,-,1,1,-,-,-,,,,,
Chart 12,-,1,1,-,-,-,,,,,
Chart 13,-,1,1,-,-,-,,,,,
Chart 14,1,4,4,1,1,1,,,,,
Chart 15,1,2,1,-,1,1,,,,,
Chart 16,1,2,8,1,1,1,,,,,
Chart 17,-,1,1,-,-,-,,,,,
Chart 18,1,4,4,1,1,1,,,,,
Chart 19,1,2,2,1,1,1,,,,,
Chart 20,-,1,1,-,-,-,,,,,
Chart 21,1,3,1,-,1,1,,,,,
Chart 22,1,5,6,1,1,1,,,,,
Chart 23,-,1,1,-,-,-,,,,,
Chart 24,-,1,1,-,-,-,,,,,
Chart 25,1,4,4,1,1,1,,,,,
Chart 26,-,1,22,-,-,-,,,,,
Closure 1,-,1,8,-,-,-,,,,,
Closure 2,-,1,1,-,-,-,,,,,
Closure 3,1,3,3,1,1,-,,,,,
Closure 4,1,2,3,1,1,-,,,,,
Closure 5,-,1,1,-,-,-,,,,,
Closure 6,1,2,3,1,1,-,,,,,
Closure 7,-,1,2,-,-,-,,,,,
Closure 8,1,2,1,-,1,-,,,,,
Closure 9,1,2,1,-,1,-,,,,,
Closure 10,-,1,1,-,-,-,,,,,
Closure 11,-,1,2,-,-,-,,,,,
Closure 12,-,1,1,-,-,-,,,,,
Closure 13,1,2,1,-,1,-,,,,,
Closure 14,-,1,3,-,-,-,,,,,
Closure 15,-,1,1,-,-,-,,,,,
Closure 16,1,5,2,1,1,-,,,,,
Closure 17,-,1,1,-,-,-,,,,,
Closure 18,-,1,1,-,-,-,,,,,
Closure 19,1,2,1,-,1,-,,,,,
Closure 20,-,1,1,-,-,-,,,,,
Closure 21,1,2,1,-,1,-,,,,,
Closure 22,1,3,1,-,1,-,,,,,
Closure 23,-,1,1,-,-,-,,,,,
Closure 24,-,1,1,-,-,-,,,,,
Closure 25,1,4,1,-,1,-,,,,,
Closure 26,1,3,7,1,1,-,,,,,
Closure 27,1,3,3,1,1,-,,,,,
Closure 28,-,1,2,-,-,-,,,,,
Closure 29,1,3,5,1,1,-,,,,,
Closure 30,1,5,3,1,1,-,,,,,
Closure 31,-,1,1,-,-,-,,,,,
Closure 32,1,5,4,1,1,-,,,,,
Closure 33,-,1,1,-,-,-,,,,,
Closure 34,1,3,1,-,1,-,,,,,
Closure 35,-,1,1,-,-,-,,,,,
Closure 36,-,1,1,-,-,-,,,,,
Closure 37,1,2,1,-,1,-,,,,,
Closure 38,-,1,1,-,-,-,,,,,
Closure 39,1,3,2,1,1,-,,,,,
Closure 40,-,1,2,-,-,-,,,,,
Closure 41,1,2,3,1,1,-,,,,,
Closure 42,-,1,1,-,-,-,,,,,
Closure 43,1,3,2,1,1,-,,,,,
Closure 44,1,2,1,-,1,-,,,,,
Closure 45,1,4,1,-,1,-,,,,,
Closure 46,-,1,3,-,-,-,,,,,
Closure 47,1,3,16,1,1,-,,,,,
Closure 48,1,2,1,-,1,-,,,,,
Closure 49,1,8,66,1,-,-,,,,,
Closure 50,1,3,2,1,1,-,,,,,
Closure 51,1,2,1,-,1,-,,,,,
Closure 52,-,1,1,-,-,-,,,,,
Closure 53,-,1,1,-,-,-,,,,,
Closure 54,1,4,3,1,1,-,,,,,
Closure 55,-,1,1,-,-,-,,,,,
Closure 56,-,1,3,-,-,-,,,,,
Closure 57,-,1,1,-,-,-,,,,,
Closure 58,-,1,1,-,-,-,,,,,
Closure 59,-,1,1,-,-,-,,,,,
Closure 60,1,2,2,1,1,-,,,,,
Closure 61,-,1,3,-,-,-,,,,,
Closure 62,-,1,2,-,-,-,,,,,
Closure 64,1,4,1,-,1,-,,,,,
Closure 65,-,1,1,-,-,-,,,,,
Closure 66,1,2,2,1,1,-,,,,,
Closure 67,-,1,1,-,-,-,,,,,
Closure 68,1,4,1,-,1,-,,,,,
Closure 69,-,1,3,-,-,-,,,,,
Closure 70,-,1,5,-,-,-,,,,,
Closure 71,-,1,2,-,-,-,,,,,
Closure 72,1,2,1,-,1,-,,,,,
Closure 73,-,1,1,-,-,-,,,,,
Closure 74,1,2,3,1,1,-,,,,,
Closure 75,1,2,1,-,1,-,,,,,
Closure 76,1,9,4,1,-,-,,,,,
Closure 77,-,1,1,-,-,-,,,,,
Closure 78,1,2,1,-,1,-,,,,,
Closure 79,1,2,5,1,1,-,,,,,
Closure 80,1,2,2,1,1,-,,,,,
Closure 81,-,1,1,-,-,-,,,,,
Closure 82,-,1,2,-,-,-,,,,,
Closure 83,-,1,1,-,-,-,,,,,
Closure 84,1,3,1,-,1,-,,,,,
Closure 85,1,4,2,1,1,-,,,,,
Closure 86,-,1,7,-,-,-,,,,,
Closure 87,1,2,1,-,1,-,,,,,
Closure 88,1,2,7,1,1,-,,,,,
Closure 89,1,2,8,1,1,-,,,,,
Closure 90,1,2,2,1,1,-,,,,,
Closure 91,-,1,1,-,-,-,,,,,
Closure 92,-,1,1,-,-,-,,,,,
Closure 94,1,3,3,1,1,-,,,,,
Closure 95,-,1,2,-,-,-,,,,,
Closure 96,1,2,1,-,1,-,,,,,
Closure 97,-,1,1,-,-,-,,,,,
Closure 98,1,5,1,-,1,-,,,,,
Closure 99,1,3,3,1,1,-,,,,,
Closure 100,1,2,9,1,1,-,,,,,
Closure 101,1,2,1,-,1,-,,,,,
Closure 102,1,2,1,-,1,-,,,,,
Closure 103,1,2,3,1,1,-,,,,,
Closure 104,-,1,1,-,-,-,,,,,
Closure 105,1,5,1,-,1,-,,,,,
Closure 106,1,2,4,1,1,-,,,,,
Closure 107,-,1,1,-,-,-,,,,,
Closure 108,1,4,1,-,1,-,,,,,
Closure 109,-,1,2,-,-,-,,,,,
Closure 110,1,9,2,1,-,-,,,,,
Closure 111,-,1,1,-,-,-,,,,,
Closure 112,-,1,2,-,-,-,,,,,
Closure 113,-,1,1,-,-,-,,,,,
Closure 114,-,1,1,-,-,-,,,,,
Closure 115,1,2,7,1,1,-,,,,,
Closure 116,1,2,8,1,1,-,,,,,
Closure 117,1,3,1,-,1,-,,,,,
Closure 118,-,1,2,-,-,-,,,,,
Closure 119,-,1,1,-,-,-,,,,,
Closure 120,-,1,1,-,-,-,,,,,
Closure 121,1,2,1,-,1,-,,,,,
Closure 122,-,1,3,-,-,-,,,,,
Closure 123,-,1,1,-,-,-,,,,,
Closure 124,-,1,1,-,-,-,,,,,
Closure 125,-,1,1,-,-,-,,,,,
Closure 126,-,1,2,-,-,-,,,,,
Closure 127,1,2,6,1,1,-,,,,,
Closure 128,1,2,1,-,1,-,,,,,
Closure 129,-,1,1,-,-,-,,,,,
Closure 130,-,1,1,-,-,-,,,,,
Closure 131,1,2,2,1,1,-,,,,,
Closure 132,-,1,1,-,-,-,,,,,
Closure 133,-,1,1,-,-,-,,,,,
Closure 134,1,7,2,1,-,-,,,,,
Closure 135,1,3,2,1,1,-,,,,,
Closure 136,1,3,4,1,1,-,,,,,
Closure 137,1,23,5,1,-,-,,,,,
Closure 138,1,5,5,1,1,-,,,,,
Closure 139,1,8,3,1,-,-,,,,,
Closure 140,1,3,1,-,1,-,,,,,
Closure 141,1,5,8,1,1,-,,,,,
Closure 142,1,2,2,1,1,-,,,,,
Closure 143,1,2,3,1,1,-,,,,,
Closure 144,1,11,84,1,-,-,,,,,
Closure 145,-,1,2,-,-,-,,,,,
Closure 146,-,1,1,-,-,-,,,,,
Closure 147,1,2,3,1,1,-,,,,,
Closure 148,1,57,6,1,-,-,,,,,
Closure 149,1,7,1,-,-,-,,,,,
Closure 150,-,1,2,-,-,-,,,,,
Closure 151,1,3,1,-,1,-,,,,,
Closure 152,-,1,3,-,-,-,,,,,
Closure 153,1,16,2,1,-,-,,,,,
Closure 154,1,6,1,-,1,-,,,,,
Closure 155,1,9,7,1,-,-,,,,,
Closure 156,1,9,2,1,-,-,,,,,
Closure 157,1,14,12,1,-,-,,,,,
Closure 158,1,22,2,1,-,-,,,,,
Closure 159,-,1,1,-,-,-,,,,,
Closure 160,1,3,1,-,1,-,,,,,
Closure 161,-,1,1,-,-,-,,,,,
Closure 162,1,8,1,-,-,-,,,,,
Closure 163,1,44,3,1,-,-,,,,,
Closure 164,1,3,3,1,1,-,,,,,
Closure 165,1,13,1,-,-,-,,,,,
Closure 166,-,1,2,-,-,-,,,,,
Closure 167,1,7,3,1,-,-,,,,,
Closure 168,-,1,1,-,-,-,,,,,
Closure 169,1,31,2,1,-,-,,,,,
Closure 170,1,3,1,-,1,-,,,,,
Closure 171,1,2,3,1,1,-,,,,,
Closure 172,-,1,1,-,-,-,,,,,
Closure 173,1,3,3,1,1,-,,,,,
Closure 174,1,5,3,1,1,-,,,,,
Closure 175,1,6,5,1,1,-,,,,,
Closure 176,1,5,1,-,1,-,,,,,
Lang 1,1,3,1,-,1,1,,,,,
Lang 3,1,2,1,-,1,1,,,,,
Lang 4,1,4,1,-,1,-,,,,,
Lang 5,-,1,1,-,-,-,,,,,
Lang 6,-,1,1,-,-,-,,,,,
Lang 7,1,2,1,-,1,1,,,,,
Lang 8,1,3,2,1,1,-,,,,,
Lang 9,-,1,2,-,-,-,,,,,
Lang 10,1,2,2,1,1,-,,,,,
Lang 11,-,1,1,-,-,-,,,,,
Lang 12,1,2,2,1,1,1,,,,,
Lang 13,1,3,1,-,1,1,,,,,
Lang 14,-,1,1,-,-,-,,,,,
Lang 15,1,2,2,1,1,1,,,,,
Lang 16,-,1,1,-,-,-,,,,,
Lang 17,1,6,1,-,1,1,,,,,
Lang 18,-,1,1,-,-,-,,,,,
Lang 19,1,5,2,1,1,1,,,,,
Lang 20,1,2,2,1,1,1,,,,,
Lang 21,-,1,1,-,-,-,,,,,
Lang 22,1,2,2,1,1,1,,,,,
Lang 23,1,2,1,-,1,1,,,,,
Lang 24,-,1,1,-,-,-,,,,,
Lang 25,-,1,1,-,-,-,,,,,
Lang 26,-,1,1,-,-,-,,,,,
Lang 27,1,2,1,-,1,1,,,,,
Lang 28,-,1,1,-,-,-,,,,,
Lang 29,-,1,1,-,-,-,,,,,
Lang 30,1,14,10,1,-,1,,,,,
Lang 31,1,2,2,1,1,-,,,,,
Lang 32,1,4,1,-,1,1,,,,,
Lang 33,-,1,1,-,-,-,,,,,
Lang 34,1,2,27,1,1,1,,,,,
Lang 35,1,2,1,-,1,1,,,,,
Lang 36,1,2,2,1,1,1,,,,,
Lang 37,-,1,1,-,-,-,,,,,
Lang 38,-,1,1,-,-,-,,,,,
Lang 39,-,1,1,-,-,-,,,,,
Lang 40,-,1,1,-,-,-,,,,,
Lang 41,1,7,2,1,-,1,,,,,
Lang 42,1,2,1,-,1,1,,,,,
Lang 43,-,1,1,-,-,-,,,,,
Lang 44,-,1,1,-,-,-,,,,,
Lang 45,-,1,1,-,-,-,,,,,
Lang 46,1,8,1,-,-,-,,,,,
Lang 47,1,2,2,1,1,1,,,,,
Lang 48,-,1,1,-,-,-,,,,,
Lang 49,-,1,1,-,-,-,,,,,
Lang 50,1,6,2,1,1,1,,,,,
Lang 51,-,1,1,-,-,-,,,,,
Lang 52,-,1,1,-,-,-,,,,,
Lang 53,1,4,1,-,1,1,,,,,
Lang 54,-,1,1,-,-,-,,,,,
Lang 55,-,1,1,-,-,-,,,,,
Lang 56,1,3,1,-,1,1,,,,,
Lang 57,-,1,11,-,-,-,,,,,
Lang 58,-,1,1,-,-,-,,,,,
Lang 59,-,1,1,-,-,-,,,,,
Lang 60,1,2,1,-,1,1,,,,,
Lang 61,-,1,2,-,-,-,,,,,
Lang 62,1,4,1,-,1,1,,,,,
Lang 63,1,4,1,-,1,1,,,,,
Lang 64,1,2,1,-,1,-,,,,,
Lang 65,1,7,1,-,-,1,,,,,
Math 1,1,2,2,1,1,1,,,,,
Math 2,-,1,1,-,-,-,,,,,
Math 3,-,1,1,-,-,-,,,,,
Math 4,1,2,2,1,1,1,,,,,
Math 5,-,1,1,-,-,-,,,,,
Math 6,1,17,28,1,-,-,,,,,
Math 7,1,4,1,-,1,1,,,,,
Math 8,1,2,1,-,1,-,,,,,
Math 9,-,1,1,-,-,-,,,,,
Math 10,-,1,1,-,-,-,,,,,
Math 11,-,1,1,-,-,-,,,,,
Math 12,1,2,3,1,1,-,,,,,
Math 13,-,1,1,-,-,-,,,,,
Math 14,1,2,1,-,1,1,,,,,
Math 15,1,2,1,-,1,-,,,,,
Math 16,1,5,2,1,1,1,,,,,
Math 17,-,1,1,-,-,-,,,,,
Math 18,1,5,1,-,1,1,,,,,
Math 19,-,1,1,-,-,-,,,,,
Math 20,-,1,1,-,-,-,,,,,
Math 21,1,6,2,1,1,1,,,,,
Math 22,1,2,2,1,1,1,,,,,
Math 23,1,5,1,-,1,1,,,,,
Math 24,1,2,1,-,1,1,,,,,
Math 25,-,1,1,-,-,-,,,,,
Math 26,1,2,1,-,1,1,,,,,
Math 27,-,1,1,-,-,-,,,,,
Math 28,1,2,1,-,1,1,,,,,
Math 29,1,2,3,1,1,1,,,,,
Math 30,-,1,1,-,-,-,,,,,
Math 31,1,4,2,1,1,-,,,,,
Math 32,-,1,1,-,-,-,,,,,
Math 33,-,1,1,-,-,-,,,,,
Math 34,-,1,1,-,-,-,,,,,
Math 35,1,2,4,1,1,1,,,,,
Math 36,1,2,2,1,1,1,,,,,
Math 37,1,4,4,1,1,1,,,,,
Math 38,1,3,1,-,1,1,,,,,
Math 39,-,1,1,-,-,-,,,,,
Math 40,1,2,1,-,1,1,,,,,
Math 41,-,1,1,-,-,-,,,,,
Math 42,-,1,1,-,-,-,,,,,
Math 43,1,3,6,1,1,1,,,,,
Math 44,1,3,1,-,1,1,,,,,
Math 45,-,1,1,-,-,-,,,,,
Math 46,1,2,2,1,1,1,,,,,
Math 47,1,4,2,1,1,1,,,,,
Math 48,-,1,1,-,-,-,,,,,
Math 49,1,4,1,-,1,1,,,,,
Math 50,-,1,1,-,-,-,,,,,
Math 51,1,2,1,-,1,1,,,,,
Math 52,1,3,1,-,1,1,,,,,
Math 53,-,1,1,-,-,-,,,,,
Math 54,1,2,1,-,1,1,,,,,
Math 55,1,5,1,-,1,1,,,,,
Math 56,-,1,1,-,-,-,,,,,
Math 57,-,1,1,-,-,-,,,,,
Math 58,-,1,1,-,-,-,,,,,
Math 59,-,1,1,-,-,-,,,,,
Math 60,-,1,1,-,-,-,,,,,
Math 61,-,1,1,-,-,-,,,,,
Math 62,1,2,1,-,1,1,,,,,
Math 63,-,1,1,-,-,-,,,,,
Math 64,1,12,2,1,-,-,,,,,
Math 65,1,2,1,-,1,1,,,,,
Math 66,1,12,4,1,-,-,,,,,
Math 67,1,2,1,-,1,1,,,,,
Math 68,1,7,2,1,-,1,,,,,
Math 69,-,1,2,-,-,-,,,,,
Math 70,-,1,1,-,-,-,,,,,
Math 71,1,2,2,1,1,1,,,,,
Math 72,1,2,1,-,1,1,,,,,
Math 73,-,1,1,-,-,-,,,,,
Math 74,1,3,1,-,1,1,,,,,
Math 75,-,1,1,-,-,-,,,,,
Math 76,1,8,2,1,-,1,,,,,
Math 77,1,2,2,-,1,-,,,,,
Math 78,-,1,1,-,-,-,,,,,
Math 79,1,2,1,-,1,-,,,,,
Math 80,-,1,1,-,-,-,,,,,
Math 81,1,3,1,-,1,1,,,,,
Math 82,-,1,1,-,-,-,,,,,
Math 83,1,3,1,-,1,1,,,,,
Math 84,1,3,2,1,1,-,,,,,
Math 85,-,1,1,-,-,-,,,,,
Math 86,1,2,2,1,1,1,,,,,
Math 87,-,1,1,-,-,-,,,,,
Math 88,1,2,1,-,1,-,,,,,
Math 89,-,1,1,-,-,-,,,,,
Math 90,-,1,1,-,`-,-,,,,,
Math 91,-,1,1,-,-,-,,,,,
Math 92,1,9,1,-,-,-,,,,,
Math 93,1,3,1,-,1,1,,,,,
Math 94,-,1,1,-,-,-,,,,,
Math 95,1,2,1,-,1,1,,,,,
Math 96,-,1,1,-,-,-,,,,,
Math 97,1,3,1,-,1,1,,,,,
Math 98,1,2,2,1,1,1,,,,,
Math 99,1,2,2,1,1,1,,,,,
Math 100,1,3,1,-,1,1,,,,,
Math 101,-,1,2,-,-,-,,,,,
Math 102,1,2,6,1,1,1,,,,,
Math 103,-,1,1,-,-,-,,,,,
Math 104,-,1,1,-,-,-,,,,,
Math 105,-,1,1,-,-,-,,,,,
Math 106,1,2,1,-,1,1,,,,,
Mockito 1,-,1,26,-,-,-,,,,,
Mockito 2,1,2,3,1,1,-,,,,,
Mockito 3,1,3,9,1,1,1,,,,,
Mockito 4,1,3,4,1,1,1,,,,,
Mockito 5,-,1,1,-,-,-,,,,,
Mockito 6,1,20,7,1,-,-,,,,,
Mockito 7,-,1,1,-,-,-,,,,,
Mockito 8,-,1,1,-,-,-,,,,,
Mockito 9,-,1,3,-,-,-,,,,,
Mockito 10,1,6,1,-,1,-,,,,,
Mockito 11,1,2,2,1,1,1,,,,,
Mockito 12,-,1,10,-,-,-,,,,,
Mockito 13,1,2,1,-,1,1,,,,,
Mockito 14,1,2,1,-,1,1,,,,,
Mockito 15,-,1,1,-,-,-,,,,,
Mockito 16,1,4,1,-,1,-,,,,,
Mockito 17,1,4,1,-,1,1,,,,,
Mockito 18,-,1,1,-,-,-,,,,,
Mockito 19,1,9,1,-,-,-,,,,,
Mockito 20,1,3,8,1,1,1,,,,,
Mockito 21,1,5,1,-,1,-,,,,,
Mockito 22,-,1,1,-,-,-,,,,,
Mockito 23,1,7,1,-,-,1,,,,,
Mockito 24,-,1,2,-,-,-,,,,,
Mockito 25,1,7,6,1,-,-,,,,,
Mockito 26,-,1,4,-,-,-,,,,,
Mockito 27,-,1,1,-,-,-,,,,,
Mockito 28,-,1,1,-,-,-,,,,,
Mockito 29,-,1,1,-,-,-,,,,,
Mockito 30,1,3,1,-,1,-,,,,,
Mockito 31,-,1,1,-,-,-,,,,,
Mockito 32,-,1,1,-,-,-,,,,,
Mockito 33,-,1,2,-,-,-,,,,,
Mockito 34,-,1,2,-,-,-,,,,,
Mockito 35,1,3,4,1,1,1,,,,,
Mockito 36,-,1,2,-,-,-,,,,,
Mockito 37,1,2,2,1,1,-,,,,,
Mockito 38,-,1,2,-,-,-,,,,,
Time 1,1,3,1,-,1,1,,,,,
Time 2,1,3,1,-,1,1,,,,,
Time 3,1,10,5,1,-,-,,,,,
Time 4,-,1,1,-,-,-,,,,,
Time 5,1,2,3,1,1,1,,,,,
Time 6,1,3,5,1,1,1,,,,,
Time 7,-,1,2,1,-,-,,,,,
Time 8,1,3,1,-,1,1,,,,,
Time 9,1,5,1,-,1,1,,,,,
Time 10,1,2,2,1,1,-,,,,,
Time 11,-,1,1,-,-,-,,,,,
Time 12,1,6,8,1,1,1,,,,,
Time 13,1,3,1,-,1,1,,,,,
Time 14,-,1,8,-,-,-,,,,,
Time 15,-,1,1,-,-,-,,,,,
Time 16,-,1,7,-,-,-,,,,,
Time 17,1,3,1,-,1,1,,,,,
Time 18,-,1,1,-,-,-,,,,,
Time 19,-,1,1,-,-,-,,,,,
Time 20,1,3,1,-,1,1,,,,,
Time 22,1,2,2,1,1,1,,,,,
Time 23,1,8,1,-,-,-,,,,,
Time 24,-,1,7,-,-,-,,,,,
Time 25,-,1,3,-,-,-,,,,,
Time 26,1,7,8,1,-,-,,,,,
Time 27,-,1,1,-,-,-,,,,,
Jsoup 1,-,1,1,-,-,-,,,,,
Jsoup 2,-,1,1,-,-,-,,,,,
Jsoup 3,1,16,3,1,-,-,,,,,
Jsoup 4,1,3,2,1,1,1,,,,,
Jsoup 5,-,1,1,-,-,-,,,,,
Jsoup 6,1,2,2,1,1,1,,,,,
Jsoup 7,1,2,1,-,1,-,,,,,
Jsoup 8,1,2,1,-,1,-,,,,,
Jsoup 9,-,1,1,-,-,-,,,,,
Jsoup 10,-,1,1,-,-,-,,,,,
Jsoup 11,1,4,4,1,1,1,,,,,
Jsoup 12,1,2,1,-,1,-,,,,,
Jsoup 13,-,1,4,-,-,-,,,,,
Jsoup 14,1,3,2,1,1,1,,,,,
Jsoup 15,-,1,1,-,-,-,,,,,
Jsoup 16,1,3,2,1,1,1,,,,,
Jsoup 17,-,1,1,-,-,-,,,,,
Jsoup 18,1,2,3,1,1,1,,,,,
Jsoup 19,-,1,1,-,-,-,,,,,
Jsoup 20,-,1,1,-,-,-,,,,,
Jsoup 21,1,3,2,1,1,1,,,,,
Jsoup 22,1,8,3,1,-,-,,,,,
Jsoup 23,1,3,1,-,1,-,,,,,
Jsoup 24,-,1,1,-,-,-,,,,,
Jsoup 25,-,1,1,-,-,-,,,,,
Jsoup 26,-,1,1,-,-,-,,,,,
Jsoup 27,1,2,2,1,1,1,,,,,
Jsoup 28,1,7,6,1,-,1,,,,,
Jsoup 29,-,1,1,-,-,-,,,,,
Jsoup 30,1,8,1,-,-,-,,,,,
Jsoup 31,1,3,1,-,1,1,,,,,
Jsoup 32,-,1,1,-,-,-,,,,,
Jsoup 33,-,1,1,-,-,-,,,,,
Jsoup 34,-,1,2,-,-,-,,,,,
Jsoup 35,-,1,1,-,-,-,,,,,
Jsoup 36,1,4,6,1,1,1,,,,,
Jsoup 37,-,1,1,-,-,-,,,,,
Jsoup 38,-,1,1,-,-,-,,,,,
Jsoup 39,-,1,1,-,-,-,,,,,
Jsoup 40,-,1,2,-,-,-,,,,,
Jsoup 41,-,1,1,-,-,-,,,,,
Jsoup 42,1,2,2,1,1,1,,,,,
Jsoup 43,-,1,2,-,-,-,,,,,
Jsoup 44,1,3,1,-,1,1,,,,,
Jsoup 45,-,1,1,-,-,-,,,,,
Jsoup 46,-,1,1,-,-,-,,,,,
Jsoup 47,-,1,1,-,-,-,,,,,
Jsoup 48,1,2,1,-,1,1,,,,,
Jsoup 49,1,2,1,-,1,1,,,,,
Jsoup 50,1,2,1,-,1,1,,,,,
Jsoup 51,-,1,1,-,-,-,,,,,
Jsoup 52,1,4,7,1,1,1,,,,,
Jsoup 53,1,2,1,-,1,-,,,,,
Jsoup 54,-,1,1,-,-,-,,,,,
Jsoup 55,-,1,1,-,-,-,,,,,
Jsoup 56,1,12,1,-,-,-,,,,,
Jsoup 57,-,1,1,-,-,-,,,,,
Jsoup 58,1,4,2,1,1,1,,,,,
Jsoup 59,-,1,2,-,-,-,,,,,
Jsoup 60,1,2,2,1,1,1,,,,,
Jsoup 61,-,1,2,-,-,-,,,,,
Jsoup 62,-,1,1,-,-,-,,,,,
Jsoup 63,1,6,3,1,1,1,,,,,
Jsoup 64,1,2,2,1,1,1,,,,,
Jsoup 65,1,4,1,-,1,1,,,,,
Jsoup 66,1,5,1,-,1,-,,,,,
Jsoup 67,1,2,1,-,1,-,,,,,
Jsoup 68,-,1,1,-,-,-,,,,,
Jsoup 69,-,1,1,-,-,-,,,,,
Jsoup 70,-,1,1,-,-,-,,,,,
Jsoup 71,1,3,2,1,1,-,,,,,
Jsoup 72,-,1,2,-,-,-,,,,,
Jsoup 73,1,6,1,-,1,-,,,,,
Jsoup 74,1,2,1,-,1,-,,,,,
Jsoup 75,-,1,1,-,-,-,,,,,
Jsoup 76,-,1,1,-,-,-,,,,,
Jsoup 77,-,1,1,-,-,-,,,,,
Jsoup 78,-,1,1,-,-,-,,,,,
Jsoup 79,1,2,1,-,1,-,,,,,
Jsoup 80,-,1,1,-,-,-,,,,,
Jsoup 81,-,1,1,-,-,-,,,,,
Jsoup 82,-,1,1,-,-,-,,,,,
Jsoup 83,1,3,2,1,1,1,,,,,
Jsoup 84,-,1,1,-,-,-,,,,,
Jsoup 85,1,2,1,-,1,1,,,,,
Jsoup 86,-,1,1,-,-,-,,,,,
Jsoup 87,1,56,1,-,-,-,,,,,
Jsoup 88,-,1,1,-,-,-,,,,,
Jsoup 89,1,2,1,-,1,1,,,,,
Jsoup 90,-,1,1,-,-,-,,,,,
Jsoup 91,1,5,3,1,1,-,,,,,
Jsoup 92,1,8,3,1,-,-,,,,,
Jsoup 93,-,1,1,-,-,-,,,,,
JacksonCore 1,1,5,1,-,1,1,,,,,
JacksonCore 2,1,8,2,1,-,1,,,,,
JacksonCore 3,1,2,1,-,1,1,,,,,
JacksonCore 4,1,2,1,-,1,-,,,,,
JacksonCore 5,-,1,1,-,-,-,,,,,
JacksonCore 6,-,1,1,-,-,-,,,,,
JacksonCore 7,-,1,2,-,-,-,,,,,
JacksonCore 8,-,1,1,-,-,-,,,,,
JacksonCore 9,1,6,2,1,1,1,,,,,
JacksonCore 10,1,2,4,1,1,1,,,,,
JacksonCore 11,-,1,1,-,-,-,,,,,
JacksonCore 12,1,15,1,-,-,-,,,,,
JacksonCore 13,-,1,1,-,-,-,,,,,
JacksonCore 14,1,3,1,-,1,1,,,,,
JacksonCore 15,-,1,1,-,-,-,,,,,
JacksonCore 16,1,7,1,-,-,1,,,,,
JacksonCore 17,1,5,1,-,1,1,,,,,
JacksonCore 18,1,4,1,-,1,1,,,,,
JacksonCore 19,1,2,1,-,1,1,,,,,
JacksonCore 20,-,1,2,-,-,-,,,,,
JacksonCore 21,-,1,3,-,-,-,,,,,
JacksonCore 22,1,7,12,1,-,1,,,,,
JacksonCore 23,-,1,1,-,-,-,,,,,
JacksonCore 24,1,6,8,1,1,1,,,,,
JacksonCore 25,-,1,1,-,-,-,,,,,
JacksonCore 26,-,1,1,-,-,-,,,,,
Cli 1,1,11,1,-,-,-,,,,,
Cli 2,-,1,1,-,-,-,,,,,
Cli 3,-,1,1,-,-,-,,,,,
Cli 4,-,1,2,-,-,-,,,,,
Cli 5,-,1,2,-,-,-,,,,,
Cli 7,-,1,1,-,-,-,,,,,
Cli 8,-,1,1,-,-,-,,,,,
Cli 9,1,2,2,1,1,1,,,,,
Cli 10,-,1,1,-,-,-,,,,,
Cli 11,-,1,1,-,-,-,,,,,
Cli 12,1,2,3,1,1,1,,,,,
Cli 13,1,5,1,-,1,-,,,,,
Cli 14,1,3,1,-,1,1,,,,,
Cli 15,1,2,2,1,1,1,,,,,
Cli 16,1,7,7,1,-,1,,,,,
Cli 17,-,1,1,-,-,-,,,,,
Cli 18,1,3,1,-,1,1,,,,,
Cli 19,1,3,1,-,1,1,,,,,
Cli 20,1,3,1,-,1,1,,,,,
Cli 21,1,10,1,-,-,1,,,,,
Cli 22,1,10,2,1,-,-,,,,,
Cli 23,1,3,2,1,1,-,,,,,
Cli 24,-,1,1,-,-,-,,,,,
Cli 25,-,1,1,-,-,-,,,,,
Cli 26,1,2,1,-,1,-,,,,,
Cli 27,1,2,3,1,1,1,,,,,
Cli 28,-,1,1,-,-,-,,,,,
Cli 29,1,3,1,-,1,1,,,,,
Cli 30,1,4,9,1,1,1,,,,,
Cli 31,1,4,1,-,1,1,,,,,
Cli 32,-,1,2,-,-,-,,,,,
Cli 33,1,2,1,-,1,-,,,,,
Cli 34,1,2,2,1,1,1,,,,,
Cli 35,-,1,1,-,-,-,,,,,
Cli 36,1,2,1,-,1,1,,,,,
Cli 37,1,2,1,-,1,-,,,,,
Cli 38,1,2,1,-,1,-,,,,,
Cli 39,1,2,2,1,1,-,,,,,
Cli 40,-,1,1,-,-,-,,,,,
JacksonDatabind 1,-,1,1,-,-,-,,,,,
JacksonDatabind 2,1,4,1,-,1,1,,,,,
JacksonDatabind 3,1,2,1,-,1,1,,,,,
JacksonDatabind 4,1,2,1,-,1,1,,,,,
JacksonDatabind 5,-,1,1,-,-,-,,,,,
JacksonDatabind 6,1,2,2,1,1,1,,,,,
JacksonDatabind 7,1,2,1,-,1,1,,,,,
JacksonDatabind 8,1,7,1,-,-,1,,,,,
JacksonDatabind 9,-,1,1,-,-,-,,,,,
JacksonDatabind 10,1,7,1,-,-,-,,,,,
JacksonDatabind 11,1,2,2,1,1,1,,,,,
JacksonDatabind 12,-,1,1,-,-,-,,,,,
JacksonDatabind 13,1,2,1,-,1,1,,,,,
JacksonDatabind 14,1,2,1,-,1,-,,,,,
JacksonDatabind 15,1,12,1,-,-,-,,,,,
JacksonDatabind 16,-,1,1,-,-,-,,,,,
JacksonDatabind 17,-,1,1,-,-,-,,,,,
JacksonDatabind 18,1,16,3,1,-,-,,,,,
JacksonDatabind 19,-,1,3,-,-,-,,,,,
JacksonDatabind 20,-,1,1,-,-,-,,,,,
JacksonDatabind 21,-,1,1,-,-,-,,,,,
JacksonDatabind 22,1,22,1,-,-,-,,,,,
JacksonDatabind 23,1,11,1,-,-,-,,,,,
JacksonDatabind 24,1,2,1,-,1,-,,,,,
JacksonDatabind 25,1,4,1,-,1,1,,,,,
JacksonDatabind 26,1,2,1,-,1,-,,,,,
JacksonDatabind 27,-,1,1,-,-,-,,,,,
JacksonDatabind 28,1,2,1,-,1,1,,,,,
JacksonDatabind 29,1,2,1,-,1,1,,,,,
JacksonDatabind 30,1,6,1,-,1,1,,,,,
JacksonDatabind 31,1,19,1,-,-,-,,,,,
JacksonDatabind 32,1,3,1,-,1,1,,,,,
JacksonDatabind 33,-,1,1,-,-,-,,,,,
JacksonDatabind 34,-,1,1,-,-,-,,,,,
JacksonDatabind 35,-,1,1,-,-,-,,,,,
JacksonDatabind 36,1,2,1,-,1,-,,,,,
JacksonDatabind 37,-,1,1,-,-,-,,,,,
JacksonDatabind 38,1,5,3,1,1,1,,,,,
JacksonDatabind 39,-,1,1,-,-,-,,,,,
JacksonDatabind 40,-,1,1,-,-,-,,,,,
JacksonDatabind 41,1,2,1,-,1,1,,,,,
JacksonDatabind 42,-,1,1,-,-,-,,,,,
JacksonDatabind 43,1,3,1,-,1,-,,,,,
JacksonDatabind 44,1,4,1,-,1,1,,,,,
JacksonDatabind 45,-,1,1,-,-,-,,,,,
JacksonDatabind 46,-,1,1,-,-,-,,,,,
JacksonDatabind 47,1,2,2,1,1,-,,,,,
JacksonDatabind 48,1,2,1,-,1,1,,,,,
JacksonDatabind 49,-,1,1,-,-,-,,,,,
JacksonDatabind 50,1,5,1,-,1,1,,,,,
JacksonDatabind 51,-,1,1,-,-,-,,,,,
JacksonDatabind 52,1,2,1,-,1,-,,,,,
JacksonDatabind 53,1,12,1,-,-,1,,,,,
JacksonDatabind 54,1,2,1,-,1,1,,,,,
JacksonDatabind 55,1,4,1,-,1,-,,,,,
JacksonDatabind 56,1,3,1,-,1,1,,,,,
JacksonDatabind 57,-,1,1,-,-,-,,,,,
JacksonDatabind 58,-,1,1,-,-,-,,,,,
JacksonDatabind 59,1,4,1,-,1,-,,,,,
JacksonDatabind 60,1,21,2,1,-,-,,,,,
JacksonDatabind 61,1,3,1,-,1,1,,,,,
JacksonDatabind 62,-,1,1,-,-,-,,,,,
JacksonDatabind 63,-,1,3,-,-,-,,,,,
JacksonDatabind 64,1,3,1,-,1,1,,,,,
JacksonDatabind 65,1,3,1,-,1,1,,,,,
JacksonDatabind 66,1,2,1,-,1,1,,,,,
JacksonDatabind 67,1,2,1,-,1,1,,,,,
JacksonDatabind 68,1,20,2,1,-,-,,,,,
JacksonDatabind 69,1,7,1,-,-,-,,,,,
JacksonDatabind 70,-,1,1,-,-,-,,,,,
JacksonDatabind 71,-,1,1,-,-,-,,,,,
JacksonDatabind 72,-,1,1,-,-,-,,,,,
JacksonDatabind 73,1,3,2,1,1,-,,,,,
JacksonDatabind 74,-,1,1,-,-,-,,,,,
JacksonDatabind 75,1,5,1,-,1,-,,,,,
JacksonDatabind 76,-,1,4,-,-,-,,,,,
JacksonDatabind 77,1,2,1,-,1,-,,,,,
JacksonDatabind 78,1,4,1,-,1,-,,,,,
JacksonDatabind 79,1,5,1,-,1,1,,,,,
JacksonDatabind 80,1,2,1,-,1,1,,,,,
JacksonDatabind 81,1,11,1,-,-,-,,,,,
JacksonDatabind 82,-,1,1,-,-,-,,,,,
JacksonDatabind 83,-,1,1,-,-,-,,,,,
JacksonDatabind 84,-,1,1,-,-,-,,,,,
JacksonDatabind 85,1,7,1,-,-,1,,,,,
JacksonDatabind 86,-,1,2,-,-,-,,,,,
JacksonDatabind 87,1,11,1,-,-,1,,,,,
JacksonDatabind 88,-,1,1,-,-,-,,,,,
JacksonDatabind 89,1,2,1,-,1,1,,,,,
JacksonDatabind 90,1,2,1,-,1,-,,,,,
JacksonDatabind 91,1,2,1,-,1,-,,,,,
JacksonDatabind 92,1,2,1,-,1,1,,,,,
JacksonDatabind 93,-,1,1,-,-,-,,,,,
JacksonDatabind 94,1,3,1,-,1,-,,,,,
JacksonDatabind 95,1,4,1,-,1,1,,,,,
JacksonDatabind 96,-,1,1,-,-,-,,,,,
JacksonDatabind 97,-,1,1,-,-,-,,,,,
JacksonDatabind 98,-,1,1,-,-,-,,,,,
JacksonDatabind 99,-,1,1,-,-,-,,,,,
JacksonDatabind 100,1,2,1,-,1,1,,,,,
JacksonDatabind 101,1,2,1,-,1,1,,,,,
JacksonDatabind 102,-,1,1,-,-,-,,,,,
JacksonDatabind 103,1,25,1,-,-,-,,,,,
JacksonDatabind 104,1,4,2,1,1,1,,,,,
JacksonDatabind 105,1,2,1,-,1,1,,,,,
JacksonDatabind 106,1,2,2,1,1,1,,,,,
JacksonDatabind 107,-,1,1,-,-,-,,,,,
JacksonDatabind 108,1,2,1,-,1,-,,,,,
JacksonDatabind 109,1,4,1,-,1,1,,,,,
JacksonDatabind 110,1,3,1,-,1,1,,,,,
JacksonDatabind 111,1,7,1,-,-,-,,,,,
JacksonDatabind 112,1,2,1,-,1,1,,,,,
Compress 1,-,1,1,-,-,-,,,,,
Compress 2,1,10,1,-,-,-,,,,,
Compress 3,1,4,1,-,1,1,,,,,
Compress 4,1,4,10,1,1,1,,,,,
Compress 5,-,1,1,-,-,-,,,,,
Compress 6,1,2,1,-,1,1,,,,,
Compress 7,1,2,1,-,1,1,,,,,
Compress 8,1,7,1,-,-,1,,,,,
Compress 9,1,3,1,-,1,-,,,,,
Compress 10,1,2,1,-,1,1,,,,,
Compress 11,-,1,1,-,-,-,,,,,
Compress 12,-,1,1,-,-,-,,,,,
Compress 13,-,1,2,-,-,-,,,,,
Compress 14,-,1,1,-,-,-,,,,,
Compress 15,1,2,1,-,1,1,,,,,
Compress 16,-,1,1,-,-,-,,,,,
Compress 17,1,2,1,-,1,1,,,,,
Compress 18,-,1,1,-,-,-,,,,,
Compress 19,-,1,1,-,-,-,,,,,
Compress 20,1,6,1,-,1,1,,,,,
Compress 21,1,2,8,1,1,1,,,,,
Compress 22,1,13,1,-,-,-,,,,,
Compress 23,-,1,1,-,-,-,,,,,
Compress 24,1,2,1,-,1,1,,,,,
Compress 25,-,1,1,-,-,-,,,,,
Compress 26,-,1,2,-,-,-,,,,,
Compress 27,-,1,1,-,-,-,,,,,
Compress 28,1,3,1,-,1,1,,,,,
Compress 29,1,14,3,1,-,-,,,,,
Compress 30,-,1,1,-,-,-,,,,,
Compress 31,-,1,2,-,-,-,,,,,
Compress 32,1,2,1,-,1,1,,,,,
Compress 33,1,3,1,-,1,-,,,,,
Compress 34,1,2,1,-,1,-,,,,,
Compress 35,1,2,1,-,1,1,,,,,
Compress 36,-,1,1,-,-,-,,,,,
Compress 37,-,1,1,-,-,-,,,,,
Compress 38,-,1,1,-,-,-,,,,,
Compress 39,1,2,1,-,1,-,,,,,
Compress 40,1,3,2,1,1,1,,,,,
Compress 41,1,2,2,1,1,1,,,,,
Compress 42,1,2,1,-,1,-,,,,,
Compress 43,1,4,1,-,1,-,,,,,
Compress 44,1,2,3,1,1,1,,,,,
Compress 45,1,2,1,-,1,1,,,,,
Compress 46,-,1,1,-,-,-,,,,,
Compress 47,1,3,1,-,1,1,,,,,
JxPath 1,1,2,2,1,1,1,,,,,
JxPath 2,1,2,1,-,1,1,,,,,
JxPath 3,1,3,1,-,1,1,,,,,
JxPath 4,1,17,6,1,-,-,,,,,
JxPath 5,-,1,1,-,-,-,,,,,
JxPath 6,1,2,1,-,1,1,,,,,
JxPath 7,1,6,1,-,1,-,,,,,
JxPath 8,1,2,1,-,1,1,,,,,
JxPath 9,1,11,1,-,-,-,,,,,
JxPath 10,-,1,1,-,-,-,,,,,
JxPath 11,1,2,2,1,1,1,,,,,
JxPath 12,-,1,1,-,-,-,,,,,
JxPath 13,1,11,1,-,-,-,,,,,
JxPath 14,1,3,1,-,1,1,,,,,
JxPath 15,1,2,2,1,1,1,,,,,
JxPath 16,1,2,4,1,1,1,,,,,
JxPath 17,1,5,2,1,1,1,,,,,
JxPath 18,1,3,2,1,1,1,,,,,
JxPath 19,1,4,2,1,1,1,,,,,
JxPath 20,1,2,1,-,1,-,,,,,
JxPath 21,-,1,2,-,-,-,,,,,
JxPath 22,1,3,1,-,1,1,,,,,
Gson 1,1,6,1,-,1,1,,,,,
Gson 2,-,1,1,-,-,-,,,,,
Gson 3,-,1,2,-,-,-,,,,,
Gson 4,1,12,3,1,-,-,,,,,
Gson 5,-,1,1,-,-,-,,,,,
Gson 6,-,1,2,-,-,-,,,,,
Gson 7,1,2,3,1,1,1,,,,,
Gson 8,1,4,2,1,1,1,,,,,
Gson 9,1,3,1,-,1,-,,,,,
Gson 10,-,1,1,-,-,-,,,,,
Gson 11,-,1,1,-,-,-,,,,,
Gson 12,1,2,2,1,1,1,,,,,
Gson 13,-,1,1,-,-,-,,,,,
Gson 14,1,2,7,1,1,1,,,,,
Gson 15,-,1,1,-,-,-,,,,,
Gson 16,-,1,2,-,-,-,,,,,
Gson 17,-,1,2,-,-,-,,,,,
Gson 18,-,1,1,-,-,-,,,,,
Codec 1,1,3,5,1,1,1,,,,,
Codec 2,-,1,2,-,-,-,,,,,
Codec 3,-,1,1,-,-,-,,,,,
Codec 4,-,1,2,-,-,-,,,,,
Codec 5,-,1,2,-,-,-,,,,,
Codec 6,1,2,1,-,1,-,,,,,
Codec 7,-,1,2,-,-,-,,,,,
Codec 8,1,2,1,-,1,-,,,,,
Codec 9,-,1,1,-,-,-,,,,,
Codec 10,-,1,1,-,-,-,,,,,
Codec 11,1,16,5,1,-,-,,,,,
Codec 12,-,1,12,-,-,-,,,,,
Codec 13,1,3,2,1,1,-,,,,,
Codec 14,1,6,1,-,1,-,,,,,
Codec 15,1,2,1,-,1,1,,,,,
Codec 16,-,1,1,-,-,-,,,,,
Codec 17,-,1,1,-,-,-,,,,,
Codec 18,-,1,2,-,-,-,,,,,
Csv 1,-,1,1,-,-,-,,,,,
Csv 2,-,1,1,-,-,-,,,,,
Csv 3,1,2,3,1,1,1,,,,,
Csv 4,-,1,1,-,-,-,,,,,
Csv 5,-,1,1,-,-,-,,,,,
Csv 6,-,1,1,-,-,-,,,,,
Csv 7,-,1,1,-,-,-,,,,,
Csv 8,1,2,1,-,1,1,,,,,
Csv 9,-,1,1,-,-,-,,,,,
Csv 10,-,1,1,-,-,-,,,,,
Csv 11,-,1,1,-,-,-,,,,,
Csv 12,-,1,1,-,-,-,,,,,
Csv 13,1,2,2,1,1,1,,,,,
Csv 14,-,1,6,-,-,-,,,,,
Csv 15,-,1,1,-,-,-,,,,,
Csv 16,1,3,1,-,1,-,,,,,
JacksonXml 1,1,2,3,1,1,1,,,,,
JacksonXml 2,1,6,1,-,1,1,,,,,
JacksonXml 3,1,2,1,-,1,1,,,,,
JacksonXml 4,1,2,1,-,1,1,,,,,
JacksonXml 5,-,1,1,-,-,-,,,,,
JacksonXml 6,1,5,5,1,1,-,,,,,
Collections 25,1,3,1,-,1,1,,,,,
Collections 26,-,1,1,-,-,-,,,,,
Collections 27,-,1,1,-,-,-,,,,,
Collections 28,-,1,1,-,-,-,,,,,
Bears 1,1,9,1,-,-,-,,,,,
Bears 2,-,1,1,-,-,-,,,,,
Bears 3,-,1,1,-,-,-,,,,,
Bears 4,-,1,1,-,-,-,,,,,
Bears 5,1,2,1,-,1,1,,,,,
Bears 6,1,3,2,1,1,-,,,,,
Bears 7,1,2,2,1,1,1,,,,,
Bears 8,1,2,1,-,1,-,,,,,
Bears 9,-,1,1,-,-,-,,,,,
Bears 10,1,2,1,-,1,1,,,,,
Bears 11,1,5,1,-,1,1,,,,,
Bears 12,1,2,4,1,1,1,,,,,
Bears 13,1,5,1,-,1,1,,,,,
Bears 14,1,2,1,-,1,-,,,,,
Bears 15,1,5,1,-,1,1,,,,,
Bears 16,1,6,1,-,1,1,,,,,
Bears 17,1,11,1,-,-,-,,,,,
Bears 18,1,7,1,-,-,1,,,,,
Bears 19,-,1,1,-,-,-,,,,,
Bears 20,1,2,1,-,1,1,,,,,
Bears 21,1,3,1,-,1,1,,,,,
Bears 22,-,1,2,-,-,-,,,,,
Bears 23,1,11,1,-,-,1,,,,,
Bears 24,1,2,1,-,1,1,,,,,
Bears 25,-,1,1,-,-,-,,,,,
Bears 26,1,2,1,-,1,-,,,,,
Bears 27,-,1,1,-,-,-,,,,,
Bears 28,1,5,1,-,1,1,,,,,
Bears 29,1,2,1,-,1,1,,,,,
Bears 30,1,9,1,-,-,-,,,,,
Bears 31,1,2,4,1,1,1,,,,,
Bears 32,-,1,1,-,-,-,,,,,
Bears 33,1,3,1,-,1,1,,,,,
Bears 34,1,14,1,-,-,-,,,,,
Bears 35,1,11,1,-,-,-,,,,,
Bears 36,-,1,1,-,-,-,,,,,
Bears 37,1,6,1,-,1,-,,,,,
Bears 38,-,1,3,-,-,-,,,,,
Bears 39,1,11,5,1,-,-,,,,,
Bears 40,1,7,5,1,-,1,,,,,
Bears 41,1,2,3,1,1,1,,,,,
Bears 42,-,1,1,-,-,-,,,,,
Bears 43,-,1,2,-,-,-,,,,,
Bears 44,-,1,1,-,-,-,,,,,
Bears 45,1,6,2,1,1,1,,,,,
Bears 46,-,1,1,-,-,-,,,,,
Bears 47,-,1,1,-,-,-,,,,,
Bears 48,1,2,1,-,1,-,,,,,
Bears 49,-,1,1,-,-,-,,,,,
Bears 50,1,2,1,-,1,1,,,,,
Bears 51,1,2,1,-,1,1,,,,,
Bears 52,1,19,1,-,-,-,,,,,
Bears 53,-,1,2,-,-,-,,,,,
Bears 54,1,4,1,-,1,1,,,,,
Bears 55,1,18,8,1,-,-,,,,,
Bears 56,-,1,1,-,-,-,,,,,
Bears 57,1,7,1,-,-,-,,,,,
Bears 58,1,12,2,1,-,-,,,,,
Bears 59,1,15,5,1,-,-,,,,,
Bears 60,-,1,2,-,-,-,,,,,
Bears 61,-,1,1,-,-,-,,,,,
Bears 62,1,3,2,1,1,1,,,,,
Bears 63,1,3,4,1,1,-,,,,,
Bears 64,1,5,1,-,1,1,,,,,
Bears 65,1,3,1,-,1,1,,,,,
Bears 66,1,3,1,-,1,1,,,,,
Bears 67,1,6,2,1,1,1,,,,,
Bears 68,1,8,4,1,-,-,,,,,
Bears 69,1,13,1,-,-,-,,,,,
Bears 70,-,1,1,-,-,-,,,,,
Bears 71,1,5,2,1,1,1,,,,,
Bears 72,1,2,1,-,1,-,,,,,
Bears 73,-,1,1,-,-,-,,,,,
Bears 74,-,1,1,-,-,-,,,,,
Bears 75,1,10,3,1,-,-,,,,,
Bears 76,-,1,1,-,-,-,,,,,
Bears 77,1,8,1,-,-,-,,,,,
Bears 78,-,1,1,-,-,-,,,,,
Bears 79,1,2,2,1,1,1,,,,,
Bears 80,1,3,2,1,1,1,,,,,
Bears 81,-,1,1,-,-,-,,,,,
Bears 82,1,9,5,1,-,-,,,,,
Bears 83,1,2,1,-,1,1,,,,,
Bears 84,1,2,1,-,1,-,,,,,
Bears 85,-,1,2,-,-,-,,,,,
Bears 86,1,2,2,1,1,-,,,,,
Bears 87,-,1,1,-,-,-,,,,,
Bears 88,-,1,2,-,-,-,,,,,
Bears 89,-,1,1,-,-,-,,,,,
Bears 90,1,2,1,-,1,1,,,,,
Bears 91,1,2,1,-,1,-,,,,,
Bears 92,1,3,3,1,1,1,,,,,
Bears 93,1,7,1,-,-,-,,,,,
Bears 94,1,5,1,-,1,-,,,,,
Bears 95,-,1,6,-,-,-,,,,,
Bears 96,1,2,1,-,1,1,,,,,
Bears 97,1,2,1,-,1,1,,,,,
Bears 98,-,1,1,-,-,-,,,,,
Bears 99,1,3,1,-,1,1,,,,,
Bears 100,-,1,1,-,-,-,,,,,
Bears 101,1,3,1,-,1,1,,,,,
Bears 102,1,2,1,-,1,1,,,,,
Bears 103,1,3,3,1,1,1,,,,,
Bears 104,1,4,1,-,1,1,,,,,
Bears 105,1,3,1,-,1,1,,,,,
Bears 106,1,2,1,-,1,1,,,,,
Bears 107,1,2,1,-,1,1,,,,,
Bears 108,-,1,1,-,-,-,,,,,
Bears 109,-,1,1,-,-,-,,,,,
Bears 110,-,1,1,-,-,-,,,,,
Bears 111,1,2,1,-,1,1,,,,,
Bears 112,1,4,1,-,1,1,,,,,
Bears 113,1,3,1,-,1,1,,,,,
Bears 114,1,2,1,-,1,1,,,,,
Bears 115,1,2,1,-,1,1,,,,,
Bears 116,1,2,1,-,1,1,,,,,
Bears 117,1,4,1,-,1,1,,,,,
Bears 118,1,3,1,-,1,1,,,,,
Bears 119,-,1,1,-,-,-,,,,,
Bears 120,-,1,1,-,-,-,,,,,
Bears 121,-,1,145,-,-,-,,,,,
Bears 122,1,2,1,-,1,-,,,,,
Bears 123,1,2,3,1,1,1,,,,,
Bears 124,-,1,1,-,-,-,,,,,
Bears 125,-,1,1,-,-,-,,,,,
Bears 126,1,4,1,-,1,1,,,,,
Bears 127,-,1,1,-,-,-,,,,,
Bears 128,1,2,1,-,1,1,,,,,
Bears 129,-,1,1,-,-,-,,,,,
Bears 130,-,1,1,-,-,-,,,,,
Bears 131,1,3,1,-,1,1,,,,,
Bears 132,-,1,1,-,-,-,,,,,
Bears 133,-,1,1,-,-,-,,,,,
Bears 134,1,3,1,-,1,1,,,,,
Bears 135,1,2,1,-,1,1,,,,,
Bears 136,-,1,1,-,-,-,,,,,
Bears 137,-,1,1,-,-,-,,,,,
Bears 138,1,2,1,-,1,1,,,,,
Bears 139,-,1,1,-,-,-,,,,,
Bears 140,1,5,3,1,1,1,,,,,
Bears 141,1,3,2,1,1,1,,,,,
Bears 142,-,1,3,-,-,-,,,,,
Bears 143,1,2,1,-,1,1,,,,,
Bears 144,-,1,1,-,-,-,,,,,
Bears 145,-,1,1,-,-,-,,,,,
Bears 146,-1,5,2,-,-,-,,,,,
Bears 147,-1,2,2,-,-,-,,,,,
Bears 148,-1,3,1,-,-,-,,,,,
Bears 149,-,1,1,-,-,-,,,,,
Bears 150,-1,3,2,-,-,-,,,,,
Bears 151,-,1,1,-,-,-,,,,,
Bears 152,-1,3,1,-,-,-,,,,,
Bears 153,-1,2,4,-,-,-,,,,,
Bears 154,-1,2,1,-,-,-,,,,,
Bears 155,-1,3,1,-,-,-,,,,,
Bears 156,-1,2,1,-,-,-,,,,,
Bears 157,-,1,1,-,-,-,,,,,
Bears 158,-1,2,1,-,-,-,,,,,
Bears 159,-,1,1,-,-,-,,,,,
Bears 160,-,1,1,-,-,-,,,,,
Bears 161,-,1,1,-,-,-,,,,,
Bears 162,-,1,2,-,-,-,,,,,
Bears 163,-,1,1,-,-,-,,,,,
Bears 164,-1,4,4,-,-,-,,,,,
Bears 165,-,1,2,-,-,-,,,,,
Bears 166,-,1,1,-,-,-,,,,,
Bears 167,-1,2,2,-,-,-,,,,,
Bears 168,-1,5,2,-,-,-,,,,,
Bears 169,-,1,1,-,-,-,,,,,
Bears 170,-1,3,2,-,-,-,,,,,
Bears 171,-,1,2,-,-,-,,,,,
Bears 172,-,1,2,-,-,-,,,,,
Bears 173,-1,2,1,-,-,-,,,,,
Bears 174,-1,2,1,-,-,-,,,,,
Bears 175,-,1,1,-,-,-,,,,,
Bears 176,-1,2,1,-,-,-,,,,,
Bears 177,-1,3,1,-,-,-,,,,,
Bears 178,-1,3,1,-,-,-,,,,,
Bears 179,-,1,3,-,-,-,,,,,
Bears 180,-,1,1,-,-,-,,,,,
Bears 181,-,1,1,-,-,-,,,,,
Bears 182,-1,5,1,-,-,-,,,,,
Bears 183,-,1,1,-,-,-,,,,,
Bears 184,-,1,1,-,-,-,,,,,
Bears 185,1,2,1,-,1,1,,,,,
Bears 186,-,1,1,-,-,-,,,,,
Bears 187,-,1,1,-,-,-,,,,,
Bears 188,-,1,1,-,-,-,,,,,
Bears 189,1,3,5,1,1,1,,,,,
Bears 190,1,2,1,-,1,1,,,,,
Bears 191,1,3,6,1,1,-,,,,,
Bears 192,1,7,2,ERR,-,1,,,,,
Bears 193,-1,2,1,-,-,-,,,,,
Bears 194,1,2,1,-,1,-,,,,,
Bears 195,-,1,1,-,-,-,,,,,
Bears 196,-1,4,1,-,-,-,,,,,
Bears 197,-1,6,1,-,-,-,,,,,
Bears 198,-,1,1,-,-,-,,,,,
Bears 199,-,1,1,-,-,-,,,,,
Bears 200,-,1,1,-,-,-,,,,,
Bears 201,-,1,1,-,-,-,,,,,
Bears 202,-,1,1,-,-,-,,,,,
Bears 203,-1,4,15,-,-,-,,,,,
Bears 204,1,5,10,1,1,1,,,,,
Bears 205,-,1,1,-,-,-,,,,,
Bears 206,-1,4,1,-,-,-,,,,,
Bears 207,1,2,1,-,1,1,,,,,
Bears 208,-1,4,4,-,-,-,,,,,
Bears 209,1,5,2,1,1,1,,,,,
Bears 210,-,1,2,-,-,-,,,,,
Bears 211,-1,9,2,-,-,-,,,,,
Bears 212,-1,2,4,-,-,-,,,,,
Bears 213,1,2,1,-,1,1,,,,,
Bears 214,-,1,1,-,-,-,,,,,
Bears 215,1,3,1,-,1,1,,,,,
Bears 216,1,2,3,1,1,1,,,,,
Bears 217,-,1,132,-,-,-,,,,,
Bears 218,-,1,1,-,-,-,,,,,
Bears 219,1,7,1,-,-,1,,,,,
Bears 220,-,1,1,-,-,-,,,,,
Bears 221,1,2,1,-,1,1,,,,,
Bears 222,-1,3,1,-,-,-,,,,,
Bears 223,1,2,1,-,1,-,,,,,
Bears 224,1,3,1,-,1,1,,,,,
Bears 225,1,5,3,1,1,1,,,,,
Bears 226,-,1,1,-,-,-,,,,,
Bears 227,-,1,2,-,-,-,,,,,
Bears 228,-1,3,2,-,-,-,,,,,
Bears 229,-,1,1,-,-,-,,,,,
Bears 230,1,4,1,-,1,1,,,,,
Bears 231,1,2,1,-,1,1,,,,,
Bears 232,-,1,3,-,-,-,,,,,
Bears 233,-,1,1,-,-,-,,,,,
Bears 234,-,1,1,-,-,-,,,,,
Bears 235,1,2,1,-,1,-,,,,,
Bears 236,-1,3,4,-,-,-,,,,,
Bears 237,-1,2,1,-,-,-,,,,,
Bears 238,-,1,2,-,-,-,,,,,
Bears 239,-,1,1,-,-,-,,,,,
Bears 240,-1,4,1,-,-,-,,,,,
Bears 241,-1,2,4,-,-,-,,,,,
Bears 242,-1,3,1,-,-,-,,,,,
Bears 243,1,7,1,-,-,-,,,,,
Bears 244,1,2,3,ERR,1,ERR,,,,,
Bears 245,-,1,1,-,-,-,,,,,
Bears 246,-,1,1,-,-,-,,,,,
Bears 247,1,9,1,-,-,-,,,,,
Bears 248,-1,3,1,-,-,-,,,,,
Bears 249,-,1,9,-,-,-,,,,,
Bears 250,1,2,2,1,1,1,,,,,
Bears 251,-,1,2,-,-,-,,,,,
,,,,,,,,,,,
,,,,,,,,,,,
,,,,,,,,,,,
Missing bugs:,,,,0,0,0,,,,,