index,name,multi,assert_obj_arr_date,other_assert,other,assert_int,assert_float,error_expected,timeout,assert_null
0,CHART:006,False,True,True,False,False,False,False,False,False
1,CHART:010,False,False,True,False,False,False,False,False,False
2,CHART:009,False,False,False,True,False,False,False,False,False
3,CHART:008,False,False,False,False,True,False,False,False,False
4,CHART:007,True,False,False,False,True,False,False,False,False
5,CHART:005,True,False,False,True,False,False,False,False,False
6,CHART:003,False,False,False,False,False,True,False,False,False
7,CHART:004,False,False,False,True,False,False,False,False,False
8,CHART:002,True,False,False,True,False,False,False,False,False
9,CHART:001,False,False,False,False,True,False,False,False,False
10,CHART:012,False,False,True,False,False,False,False,False,False
11,CHART:011,False,False,True,False,False,False,False,False,False
12,CHART:013,False,False,False,True,False,False,False,False,False
13,CHART:018,True,False,True,True,True,False,False,False,False
14,CHART:014,True,False,False,True,False,False,False,False,False
15,CHART:021,True,False,True,False,False,False,False,False,False
16,CHART:015,True,False,True,False,False,False,False,False,False
17,CHART:016,True,False,True,True,False,False,False,False,False
18,CHART:017,False,False,False,True,False,False,False,False,False
19,CHART:020,False,False,True,False,False,False,False,False,False
20,CHART:019,True,False,True,False,False,False,False,False,False
21,CHART:022,True,False,False,True,True,False,False,False,False
22,CHART:026,False,False,True,False,False,False,False,False,False
23,CHART:025,True,False,True,False,False,False,False,False,False
24,CHART:023,False,False,True,False,False,False,False,False,False
25,CHART:024,False,False,True,False,False,False,False,False,False
26,CLOSURE:003,False,False,True,False,False,False,False,False,False
27,CLOSURE:007,False,False,True,False,False,False,False,False,False
28,CLOSURE:005,False,False,True,False,False,False,False,False,False
29,CLOSURE:006,False,False,False,False,True,False,True,False,False
30,CLOSURE:002,False,False,False,True,False,False,False,False,False
31,CLOSURE:001,False,False,True,False,False,False,False,False,False
32,CLOSURE:004,False,True,False,False,True,False,False,True,False
33,CLOSURE:008,False,False,True,False,False,False,False,False,False
34,CLOSURE:009,False,False,True,False,False,False,False,False,False
35,CLOSURE:011,False,False,False,False,False,False,True,False,False
36,CLOSURE:012,False,False,True,False,False,False,False,False,False
37,CLOSURE:010,False,False,True,False,False,False,False,False,False
38,CLOSURE:014,False,False,True,False,True,False,False,False,False
39,CLOSURE:017,False,False,True,False,False,False,False,False,False
40,CLOSURE:013,False,False,True,False,False,False,False,False,False
41,CLOSURE:021,False,False,False,False,True,False,False,False,False
42,CLOSURE:015,False,False,True,False,False,False,False,False,False
43,CLOSURE:016,False,False,False,False,False,False,True,False,True
44,CLOSURE:018,False,False,True,False,False,False,False,False,False
45,CLOSURE:020,False,False,True,False,False,False,False,False,False
46,CLOSURE:019,False,False,False,True,False,False,False,False,False
47,CLOSURE:023,False,False,False,False,True,False,False,False,False
48,CLOSURE:024,False,False,False,False,True,False,False,False,False
49,CLOSURE:022,False,False,False,False,True,False,False,False,False
50,CLOSURE:026,False,False,True,False,False,False,False,False,False
51,CLOSURE:025,False,False,True,False,False,False,False,False,False
52,CLOSURE:027,False,False,False,True,False,False,False,False,False
53,CLOSURE:029,False,False,True,False,False,False,False,False,False
54,CLOSURE:030,False,False,True,False,False,False,False,False,False
55,CLOSURE:031,False,False,True,False,False,False,False,False,False
56,CLOSURE:032,False,False,True,False,False,False,False,False,False
57,CLOSURE:033,False,False,False,False,False,False,True,False,False
58,CLOSURE:028,False,False,True,False,True,False,False,False,False
59,CLOSURE:034,False,False,False,False,False,False,False,True,False
60,CLOSURE:035,False,False,False,False,False,False,True,False,False
61,CLOSURE:037,False,False,False,True,False,False,False,False,False
62,CLOSURE:036,False,False,True,False,False,False,False,False,False
63,CLOSURE:039,False,False,True,False,False,False,False,False,False
64,CLOSURE:045,False,False,True,False,False,False,False,False,False
65,CLOSURE:038,False,False,True,False,False,False,False,False,False
66,CLOSURE:040,False,False,True,True,False,False,False,False,False
67,CLOSURE:042,False,False,True,False,False,False,False,False,False
68,CLOSURE:041,False,False,True,False,False,False,True,False,False
69,CLOSURE:044,False,False,True,False,False,False,False,False,False
70,CLOSURE:043,False,False,True,False,False,False,False,False,False
71,CLOSURE:046,False,False,True,False,False,False,False,False,False
72,CLOSURE:047,False,False,True,False,True,False,False,False,False
73,CLOSURE:048,False,False,False,False,False,False,True,False,False
74,CLOSURE:049,False,False,True,False,False,False,False,False,False
75,CLOSURE:050,False,False,True,False,False,False,False,False,False
76,CLOSURE:053,False,False,False,True,False,False,False,False,False
77,CLOSURE:051,False,False,True,False,False,False,False,False,False
78,CLOSURE:052,False,False,True,False,False,False,False,False,False
79,CLOSURE:059,False,False,False,False,False,False,True,False,False
80,CLOSURE:055,False,False,True,False,False,False,False,False,False
81,CLOSURE:054,False,True,False,False,False,False,False,False,False
82,CLOSURE:056,False,False,True,False,False,False,False,False,True
83,CLOSURE:058,False,False,False,True,False,False,False,False,False
84,CLOSURE:057,False,False,False,False,False,False,False,False,True
85,CLOSURE:062,False,False,True,False,False,False,False,False,False
86,CLOSURE:060,False,False,True,False,False,False,False,False,False
87,CLOSURE:063,False,False,True,False,False,False,False,False,False
88,CLOSURE:061,False,False,True,False,False,False,False,False,False
89,CLOSURE:064,False,False,False,False,True,False,False,False,False
90,CLOSURE:065,False,False,True,False,False,False,False,False,False
91,CLOSURE:066,False,False,False,False,False,True,False,False,False
92,CLOSURE:073,False,False,True,False,False,False,False,False,False
93,CLOSURE:067,False,False,True,False,False,False,False,False,False
94,CLOSURE:074,False,False,True,False,False,False,False,False,False
95,CLOSURE:071,False,False,True,False,True,False,False,False,False
96,CLOSURE:068,False,False,False,False,False,False,True,False,False
97,CLOSURE:069,False,False,False,False,False,False,True,False,False
98,CLOSURE:070,False,False,False,False,True,False,True,False,False
99,CLOSURE:072,False,False,True,False,False,False,False,False,False
100,CLOSURE:076,False,False,True,False,False,False,False,False,False
101,CLOSURE:079,False,False,True,True,False,False,False,False,False
102,CLOSURE:077,False,False,True,False,False,False,False,False,False
103,CLOSURE:075,False,False,True,False,False,False,False,False,False
104,CLOSURE:078,False,False,False,False,True,False,False,False,False
105,CLOSURE:083,False,False,True,False,False,False,False,False,False
106,CLOSURE:080,False,False,True,False,False,False,False,False,False
107,CLOSURE:081,False,False,True,False,False,False,False,False,False
108,CLOSURE:082,False,False,True,False,False,False,True,False,False
109,CLOSURE:085,False,False,True,True,False,False,False,False,False
110,CLOSURE:086,False,True,True,False,False,False,False,False,False
111,CLOSURE:084,False,False,True,False,False,False,False,False,False
112,CLOSURE:089,False,False,True,False,False,False,False,False,False
113,CLOSURE:088,False,False,True,False,False,False,False,False,False
114,CLOSURE:087,False,False,True,False,False,False,False,False,False
115,CLOSURE:092,False,False,True,False,False,False,False,False,False
116,CLOSURE:095,False,False,True,False,False,False,True,False,False
117,CLOSURE:090,False,False,True,False,False,False,True,False,False
118,CLOSURE:094,False,False,True,False,True,False,False,False,False
119,CLOSURE:091,False,False,False,False,True,False,False,False,False
120,CLOSURE:093,False,False,True,False,False,False,False,False,False
121,CLOSURE:097,False,False,True,False,False,False,False,False,False
122,CLOSURE:096,False,False,False,False,False,False,True,False,False
123,CLOSURE:101,False,False,True,False,False,False,False,False,False
124,CLOSURE:100,False,False,False,False,True,False,False,False,False
125,CLOSURE:098,False,False,True,False,False,False,False,False,False
126,CLOSURE:099,False,False,False,False,True,False,False,False,False
127,CLOSURE:104,False,False,True,False,False,False,False,False,False
128,CLOSURE:105,False,False,True,False,False,False,False,False,False
129,CLOSURE:106,False,False,True,True,True,False,False,False,False
130,CLOSURE:102,False,False,True,False,False,False,False,False,False
131,CLOSURE:103,False,False,True,False,True,False,False,False,False
132,CLOSURE:107,False,False,False,False,False,False,True,False,False
133,CLOSURE:108,False,False,False,True,False,False,False,False,False
134,CLOSURE:109,False,False,False,False,False,False,True,False,False
135,CLOSURE:117,False,False,True,False,False,False,False,False,False
136,CLOSURE:112,False,False,False,False,False,False,True,False,False
137,CLOSURE:114,False,False,True,False,False,False,False,False,False
138,CLOSURE:113,False,False,False,False,False,False,True,False,False
139,CLOSURE:115,False,False,True,False,False,False,False,False,False
140,CLOSURE:116,False,False,True,False,False,False,False,False,False
141,CLOSURE:111,False,False,True,False,False,False,False,False,False
142,CLOSURE:110,False,False,False,False,True,False,False,False,False
143,CLOSURE:118,False,False,True,False,False,False,False,False,False
144,CLOSURE:120,False,False,True,False,False,False,False,False,False
145,CLOSURE:119,False,False,False,False,False,False,True,False,False
146,CLOSURE:121,False,False,True,False,False,False,False,False,False
147,CLOSURE:123,False,False,True,False,False,False,False,False,False
148,CLOSURE:122,False,False,True,False,False,False,False,False,False
149,CLOSURE:126,False,False,True,False,False,False,False,False,False
150,CLOSURE:124,False,False,True,False,False,False,False,False,False
151,CLOSURE:127,False,False,True,False,False,False,False,False,False
152,CLOSURE:125,False,False,False,True,False,False,False,False,False
153,CLOSURE:128,False,False,True,False,False,False,False,False,False
154,LANG:003,True,False,True,False,False,False,False,False,False
155,LANG:002,False,False,True,False,False,False,False,False,False
156,LANG:005,False,False,False,True,False,False,False,False,False
157,CLOSURE:130,False,False,True,False,False,False,False,False,False
158,LANG:004,False,False,False,False,True,False,False,False,False
159,CLOSURE:129,False,False,True,False,False,False,False,False,False
160,LANG:001,True,False,False,True,False,False,False,False,False
161,CLOSURE:132,False,False,True,False,False,False,False,False,False
162,LANG:006,False,False,False,True,False,False,False,False,False
163,CLOSURE:133,False,False,False,True,False,False,False,False,False
164,LANG:007,True,False,False,False,False,False,True,False,False
165,CLOSURE:131,False,False,True,False,False,False,False,False,False
166,LANG:008,False,False,True,False,False,False,False,False,False
167,LANG:010,False,False,True,False,False,False,False,False,True
168,LANG:011,False,False,True,False,False,False,False,False,False
169,LANG:009,False,False,True,False,False,False,False,False,True
170,LANG:013,False,False,False,True,False,False,False,False,False
171,LANG:012,True,False,False,True,False,False,False,False,False
172,LANG:018,False,False,True,False,False,False,False,False,False
173,LANG:017,True,False,True,False,False,False,False,False,False
174,LANG:014,False,False,True,False,False,False,False,False,False
175,LANG:016,False,False,False,True,False,False,False,False,False
176,LANG:015,True,False,True,False,True,False,False,False,False
177,LANG:021,False,False,True,False,False,False,False,False,False
178,LANG:019,True,False,False,True,False,False,False,False,False
179,LANG:023,True,False,True,False,False,False,False,False,False
180,LANG:022,True,False,False,False,True,False,False,False,False
181,LANG:020,True,False,False,True,False,False,False,False,False
182,LANG:024,False,False,True,False,False,False,False,False,False
183,LANG:026,False,False,True,False,False,False,False,False,False
184,LANG:025,False,False,False,False,False,False,True,False,False
185,LANG:029,False,False,False,False,True,False,False,False,False
186,LANG:030,True,False,True,False,True,False,False,False,False
187,LANG:028,False,True,False,False,False,False,False,False,False
188,LANG:027,True,False,False,True,False,False,False,False,False
189,LANG:031,False,False,True,False,False,False,False,False,False
190,LANG:032,True,False,False,False,False,False,False,False,True
191,LANG:033,False,False,False,True,False,False,False,False,False
192,LANG:034,True,False,False,False,False,False,False,False,True
193,LANG:037,False,False,False,True,False,False,False,False,False
194,LANG:035,True,False,False,True,False,False,False,False,False
195,LANG:038,False,False,True,False,False,False,False,False,False
196,LANG:042,True,False,True,False,False,False,False,False,False
197,LANG:043,False,False,False,False,False,False,False,True,False
198,LANG:036,True,False,True,True,False,False,False,False,False
199,LANG:039,False,False,False,True,False,False,False,False,False
200,LANG:041,True,False,True,False,False,False,False,False,False
201,LANG:040,False,False,True,False,False,False,False,False,False
202,LANG:044,False,False,False,True,False,False,False,False,False
203,LANG:045,False,False,False,True,False,False,False,False,False
204,LANG:047,True,False,False,True,False,False,False,False,False
205,LANG:048,False,False,True,False,False,False,False,False,False
206,LANG:052,False,False,True,False,False,False,False,False,False
207,LANG:053,True,False,True,False,False,False,False,False,False
208,LANG:046,False,False,True,False,False,False,False,False,False
209,LANG:050,True,False,True,False,False,False,False,False,False
210,LANG:051,False,False,False,True,False,False,False,False,False
211,LANG:049,False,False,False,False,True,False,False,False,False
212,LANG:054,False,False,False,True,False,False,False,False,False
213,LANG:057,False,False,False,True,False,False,False,False,False
214,LANG:058,False,False,False,True,False,False,False,False,False
215,LANG:056,True,False,False,True,False,False,False,False,False
216,LANG:064,False,False,True,False,False,False,False,False,False
217,LANG:055,False,False,True,False,False,False,False,False,False
218,LANG:059,False,False,False,True,False,False,False,False,False
219,LANG:062,True,True,False,False,False,False,False,False,False
220,LANG:060,True,False,True,False,False,False,False,False,False
221,LANG:061,False,False,False,True,True,False,False,False,False
222,LANG:063,True,True,False,False,False,False,False,False,False
223,LANG:065,True,False,True,False,False,False,False,False,False
224,MATH:002,False,False,True,False,False,False,False,False,False
225,MATH:001,True,False,False,True,False,False,False,False,False
226,MATH:003,False,False,False,True,False,False,False,False,False
227,MATH:005,False,False,True,False,False,False,False,False,False
228,MATH:008,False,False,False,True,False,False,False,False,False
229,MATH:011,False,False,False,False,False,True,False,False,False
230,MATH:006,False,False,True,False,False,False,False,False,False
231,MATH:010,False,False,False,False,False,True,False,False,False
232,MATH:007,True,False,True,False,False,False,False,False,False
233,MATH:012,False,False,False,False,False,True,False,False,False
234,MATH:009,False,False,False,False,False,True,False,False,False
235,MATH:004,True,False,False,True,False,False,False,False,False
236,MATH:013,False,False,False,False,False,False,False,True,False
237,MATH:014,True,False,False,False,False,False,False,True,False
238,MATH:015,False,False,False,False,False,True,False,False,False
239,MATH:017,False,False,True,False,False,False,False,False,False
240,MATH:022,False,False,True,False,False,False,False,False,False
241,MATH:016,True,False,False,False,False,True,False,False,False
242,MATH:018,True,False,False,False,False,True,False,False,False
243,MATH:020,False,False,True,False,False,False,False,False,False
244,MATH:019,False,False,False,False,False,False,True,False,False
245,MATH:023,True,False,True,False,False,False,False,False,False
246,MATH:021,True,False,True,False,False,True,False,False,False
247,MATH:024,True,False,True,False,False,False,False,False,False
248,MATH:030,False,False,True,False,False,False,False,False,False
249,MATH:025,False,False,False,False,False,False,True,False,False
250,MATH:026,True,False,False,False,False,False,True,False,False
251,MATH:027,False,False,False,False,False,True,False,False,False
252,MATH:029,True,False,False,False,False,True,False,False,False
253,MATH:028,True,False,False,False,False,False,False,True,False
254,MATH:031,False,False,True,True,False,False,False,False,False
255,MATH:032,False,False,False,True,False,False,False,False,False
256,MATH:035,True,False,False,False,False,False,True,False,False
257,MATH:033,False,False,True,False,False,False,False,False,False
258,MATH:037,True,False,False,False,False,True,False,False,False
259,MATH:034,False,False,False,False,False,False,True,False,False
260,MATH:040,True,False,False,False,False,False,False,True,False
261,MATH:038,True,False,False,True,False,False,False,False,False
262,MATH:039,False,False,True,False,False,False,False,False,False
263,MATH:036,True,False,False,False,False,True,False,False,False
264,MATH:042,False,False,True,False,False,False,False,False,False
265,MATH:041,False,False,False,False,False,True,False,False,False
266,MATH:044,True,False,True,False,False,False,False,False,False
267,MATH:043,True,False,False,False,False,True,False,False,False
268,MATH:047,True,False,True,False,False,False,False,False,False
269,MATH:048,False,False,False,False,False,False,True,False,False
270,MATH:050,False,False,False,False,False,False,True,False,False
271,MATH:049,True,False,False,True,False,False,False,False,False
272,MATH:046,True,False,True,False,False,False,False,False,False
273,MATH:045,False,False,False,False,False,False,True,False,False
274,MATH:051,True,False,False,False,False,False,False,True,False
275,MATH:058,False,False,False,True,False,False,False,False,False
276,MATH:059,False,False,False,False,False,True,False,False,False
277,MATH:057,False,False,True,False,False,False,False,False,False
278,MATH:053,False,False,True,False,False,False,False,False,False
279,MATH:061,False,False,False,True,False,False,False,False,False
280,MATH:055,True,False,False,False,False,True,False,False,False
281,MATH:060,False,False,False,True,False,False,False,False,False
282,MATH:054,True,False,False,False,False,True,False,False,False
283,MATH:056,False,False,False,False,True,False,False,False,False
284,MATH:052,True,False,False,False,False,True,False,False,False
285,MATH:063,False,False,True,False,False,False,False,False,False
286,MATH:062,True,False,False,False,False,True,False,False,False
287,MATH:066,False,False,True,False,False,True,False,False,False
288,MATH:065,True,False,False,False,False,True,False,False,False
289,MATH:064,False,False,False,False,False,True,False,False,False
290,MATH:070,False,False,False,True,False,False,False,False,False
291,MATH:068,True,False,False,False,False,True,False,False,False
292,MATH:069,False,False,True,False,False,False,False,False,False
293,MATH:071,False,False,False,False,False,True,False,False,False
294,MATH:072,True,False,False,False,False,True,False,False,False
295,MATH:067,True,False,False,False,False,True,False,False,False
296,MATH:073,False,False,False,False,False,False,True,False,False
297,MATH:074,True,False,True,False,False,False,False,False,False
298,MATH:075,False,False,False,False,False,True,False,False,False
299,MATH:077,False,False,False,False,False,True,False,False,False
300,MATH:082,False,False,False,False,False,True,False,False,False
301,MATH:076,True,False,False,False,False,True,False,False,False
302,MATH:084,False,False,True,True,False,False,False,False,False
303,MATH:081,True,False,False,True,False,False,False,False,False
304,MATH:080,False,False,False,False,False,True,False,False,False
305,MATH:078,False,False,False,True,False,False,False,False,False
306,MATH:083,True,False,False,False,False,True,False,False,False
307,MATH:079,False,False,False,True,False,False,False,False,False
308,MATH:085,False,False,False,True,False,False,False,False,False
309,MATH:089,False,False,False,True,False,False,False,False,False
310,MATH:087,False,False,False,False,False,True,False,False,False
311,MATH:086,True,False,False,False,False,False,True,False,False
312,MATH:088,False,False,False,False,False,True,False,False,False
313,MATH:091,False,False,False,False,True,False,False,False,False
314,MATH:093,True,False,False,False,False,True,False,False,False
315,MATH:095,True,False,False,True,False,False,False,False,False
316,MATH:094,False,False,False,False,True,False,False,False,False
317,MATH:090,False,False,False,True,False,False,False,False,False
318,MATH:096,False,True,False,False,False,False,False,False,False
319,MATH:092,False,False,False,False,True,False,False,False,False
320,MATH:098,True,False,False,True,False,False,False,False,False
321,MATH:101,False,False,False,True,False,False,False,False,False
322,MATH:105,False,False,True,False,False,False,False,False,False
323,MATH:104,False,False,False,False,False,True,False,False,False
324,MATH:097,False,False,False,True,False,False,False,False,False
325,MATH:100,True,False,False,True,False,False,False,False,False
326,MATH:103,False,False,False,False,False,False,False,True,False
327,MATH:102,True,False,False,False,False,True,False,False,False
328,MATH:099,True,False,False,False,False,False,True,False,False
329,MATH:106,True,False,True,False,False,False,False,False,False
330,MOCKITO:003,True,True,False,True,False,False,False,False,False
331,MOCKITO:002,False,False,True,False,False,False,False,True,False
332,MOCKITO:001,False,False,False,True,False,False,False,False,False
333,MOCKITO:007,False,False,False,True,False,False,False,False,False
334,MOCKITO:004,True,False,False,False,False,False,True,False,True
335,MOCKITO:011,True,False,True,False,False,False,False,False,False
336,MOCKITO:010,False,False,False,True,False,False,False,False,False
337,MOCKITO:005,False,False,True,False,False,False,False,False,False
338,MOCKITO:006,False,False,False,False,False,False,False,False,True
339,MOCKITO:009,False,False,False,True,False,False,False,False,False
340,MOCKITO:008,False,False,False,False,False,False,False,True,False
341,MOCKITO:016,False,False,False,True,False,False,False,False,False
342,MOCKITO:015,False,False,True,False,False,False,False,False,False
343,MOCKITO:014,False,False,True,False,False,False,False,False,False
344,MOCKITO:012,False,False,False,True,False,False,False,False,False
345,MOCKITO:013,False,False,True,False,False,False,False,False,False
346,MOCKITO:017,True,False,False,True,False,False,False,False,False
347,MOCKITO:018,False,False,False,True,False,False,False,False,False
348,MOCKITO:022,False,False,False,True,False,False,False,False,False
349,MOCKITO:020,True,False,True,False,False,False,False,False,True
350,MOCKITO:019,False,False,False,False,False,False,False,False,True
351,MOCKITO:021,False,False,False,True,False,False,False,False,False
352,MOCKITO:023,True,False,False,True,False,False,False,False,False
353,MOCKITO:028,False,False,True,False,False,False,False,False,False
354,MOCKITO:024,False,False,False,False,True,False,False,False,False
355,MOCKITO:029,False,False,False,False,False,False,False,False,True
356,MOCKITO:025,False,False,False,True,False,False,False,False,False
357,MOCKITO:027,False,False,True,False,False,False,False,False,False
358,MOCKITO:026,False,False,False,True,True,False,False,False,False
359,MOCKITO:032,False,False,True,False,False,False,False,False,False
360,MOCKITO:031,False,False,True,False,False,False,False,False,False
361,MOCKITO:034,False,False,False,True,False,False,False,False,False
362,MOCKITO:036,False,False,False,True,False,False,False,False,False
363,MOCKITO:033,False,False,True,False,False,False,False,False,False
364,MOCKITO:035,True,False,False,True,False,False,False,False,False
365,MOCKITO:030,False,False,False,False,False,False,True,False,False
366,MOCKITO:038,False,False,False,True,False,False,False,False,False
367,TIME:005,True,False,False,True,False,False,False,False,False
368,TIME:003,False,False,True,False,False,False,False,False,False
369,TIME:001,False,False,True,False,False,False,False,False,False
370,TIME:004,False,False,True,False,False,False,False,False,False
371,MOCKITO:037,False,False,True,False,False,False,False,False,False
372,TIME:002,False,False,False,True,False,False,False,False,False
373,TIME:008,True,False,False,True,False,False,False,False,False
374,TIME:006,True,True,True,True,False,False,False,False,False
375,TIME:007,False,False,False,True,False,False,False,False,False
376,TIME:009,True,False,True,False,False,False,False,False,False
377,TIME:010,False,False,False,True,False,False,False,False,False
378,TIME:012,True,True,True,False,False,False,False,False,False
379,TIME:011,False,False,True,False,False,False,False,False,False
380,TIME:014,False,True,False,True,False,False,False,False,False
381,TIME:013,True,False,True,False,False,False,False,False,False
382,TIME:015,False,False,True,False,False,False,False,False,False
383,TIME:017,True,True,False,False,False,False,False,False,False
384,TIME:016,False,True,False,False,False,False,False,False,False
385,TIME:020,True,False,False,True,False,False,False,False,False
386,TIME:018,False,False,False,True,False,False,False,False,False
387,TIME:019,False,False,True,False,False,False,False,False,False
388,TIME:021,True,True,False,False,False,False,False,False,False
389,TIME:022,True,False,False,False,True,False,False,False,False
390,TIME:023,False,True,False,False,False,False,False,False,False
391,TIME:025,False,False,True,False,False,False,False,False,False
392,TIME:026,False,True,True,False,False,False,False,False,False
393,TIME:024,False,True,False,False,False,False,False,False,False
394,TIME:027,False,False,False,True,False,False,False,False,False
395,FasterXML-jackson-databind-176912167-190405643:001,False,False,False,True,False,False,False,False,False
396,FasterXML-jackson-databind-190405643-195044059:002,False,False,False,True,False,False,False,False,False
397,FasterXML-jackson-databind-190406891-190505536:003,False,False,False,True,False,False,False,False,False
398,FasterXML-jackson-databind-195066764-195069327:004,False,False,False,True,False,False,False,False,False
399,FasterXML-jackson-databind-195430379-198387397:005,True,False,False,True,False,False,False,False,False
400,FasterXML-jackson-databind-195646489-195752461:006,False,False,False,True,False,False,False,False,False
401,FasterXML-jackson-databind-195752461-195777970:007,True,False,False,True,False,False,True,False,False
402,FasterXML-jackson-databind-203042777-203306015:008,False,False,False,True,False,False,False,False,False
403,FasterXML-jackson-databind-203649003-204682356:009,False,False,True,False,False,False,False,False,False
404,FasterXML-jackson-databind-214497429-214500046:010,True,False,False,True,False,False,False,False,False
405,FasterXML-jackson-databind-215036598-215111320:011,True,False,True,False,False,False,False,False,False
406,FasterXML-jackson-databind-215111320-215799347:012,True,False,False,False,True,False,False,False,True
407,FasterXML-jackson-databind-216970075-216985681:013,True,False,False,True,False,False,False,False,False
408,FasterXML-jackson-databind-221825856-221903238:014,False,False,False,False,False,False,True,False,False
409,FasterXML-jackson-databind-223024976-223291136:015,False,False,True,False,False,False,False,False,False
410,FasterXML-jackson-databind-226276279-226639126:016,False,False,False,True,False,False,False,False,False
411,FasterXML-jackson-databind-226654766-226666085:017,False,False,False,True,False,False,False,False,False
412,FasterXML-jackson-databind-226666085-226673064:018,True,False,False,True,False,False,False,False,False
413,FasterXML-jackson-databind-228025083-228873360:019,False,False,False,False,False,False,False,False,True
414,FasterXML-jackson-databind-233857275-234147085:020,True,False,False,True,False,False,False,False,False
415,FasterXML-jackson-databind-241044631-241063530:021,False,False,True,False,False,False,False,False,False
416,FasterXML-jackson-databind-241063530-241065840:022,False,False,True,False,False,False,False,False,False
417,FasterXML-jackson-databind-242268513-242687710:023,True,False,True,False,False,False,False,False,False
418,FasterXML-jackson-databind-243509258-243861380:024,True,False,False,False,False,False,False,True,False
419,FasterXML-jackson-databind-247621332-247674379:025,False,False,False,False,False,False,False,True,False
420,FasterXML-jackson-databind-318458719-318715551:026,False,False,False,False,False,False,True,False,False
421,INRIA-spoon-189186902-189233591:027,False,False,True,False,False,False,False,False,False
422,INRIA-spoon-189233636-189234660:028,False,False,True,False,False,False,False,False,False
423,INRIA-spoon-190241093-190241752:029,False,False,True,False,False,False,False,False,False
424,INRIA-spoon-190241752-190558172:030,False,False,False,True,False,False,False,False,False
425,INRIA-spoon-191511078-191595944:031,True,False,True,True,False,False,False,False,False
426,INRIA-spoon-192604168-192969999:032,False,False,False,True,False,False,False,False,False
427,INRIA-spoon-192969999-193004144:033,True,False,False,True,False,False,False,False,False
428,INRIA-spoon-193004144-193023299:034,False,False,False,False,True,False,False,False,False
429,INRIA-spoon-196963859-196966996:035,False,False,True,False,False,False,False,False,False
430,INRIA-spoon-197673696-197674087:036,False,False,False,False,True,False,False,False,False
431,INRIA-spoon-197674087-198523383:037,False,False,True,False,False,False,False,False,False
432,INRIA-spoon-199972949-199993301:038,False,False,False,True,False,False,False,False,False
433,INRIA-spoon-199993301-200108848:039,False,False,True,True,True,False,False,False,False
434,INRIA-spoon-201940544-203101555:040,True,False,True,True,False,False,False,False,False
435,INRIA-spoon-204567691-207361743:041,True,False,True,False,False,False,False,False,False
436,INRIA-spoon-210079209-210080599:042,False,False,False,True,False,False,False,False,False
437,INRIA-spoon-211086222-211090498:043,False,False,False,False,True,False,False,False,False
438,INRIA-spoon-211090498-211342085:044,False,False,True,False,False,False,False,False,False
439,INRIA-spoon-211342085-211425556:045,False,False,True,False,False,False,False,False,False
440,INRIA-spoon-213996751-215500998:046,False,False,False,True,False,False,False,False,False
441,INRIA-spoon-218213030-221992429:047,False,False,True,False,False,False,False,False,False
442,INRIA-spoon-225344336-226528821:048,False,False,False,True,False,False,False,False,False
443,INRIA-spoon-227073271-228362442:049,False,False,False,True,False,False,False,False,False
444,INRIA-spoon-228371032-228407512:050,True,False,False,True,False,False,False,False,False
445,INRIA-spoon-228407512-228634633:051,True,False,False,True,False,False,False,False,False
446,INRIA-spoon-228634633-228649848:052,False,False,False,False,True,False,False,False,False
447,INRIA-spoon-232723487-232809734:053,False,False,True,False,False,False,False,False,False
448,INRIA-spoon-234113323-234113988:054,True,False,False,True,False,False,False,False,False
449,INRIA-spoon-234612953-235302726:055,False,False,True,False,True,False,False,False,False
450,INRIA-spoon-237078306-237089137:056,False,False,False,True,False,False,False,False,False
451,INRIA-spoon-237133219-237187910:057,False,False,True,False,False,False,False,False,False
452,INRIA-spoon-237507053-237511642:058,False,False,True,False,False,False,False,False,False
453,INRIA-spoon-237627560-237821366:059,False,False,True,True,True,False,False,False,False
454,INRIA-spoon-238234811-238235509:060,False,False,True,False,False,False,False,False,False
455,INRIA-spoon-239865488-239871875:061,False,False,True,False,False,False,False,False,False
456,INRIA-spoon-239871875-239928671:062,True,False,False,False,True,False,False,False,False
457,INRIA-spoon-240253890-240366857:063,False,False,True,False,True,False,False,False,False
458,INRIA-spoon-240675027-240677764:064,True,False,True,False,False,False,False,False,False
459,INRIA-spoon-241091669-241205460:065,True,False,False,False,True,False,False,False,False
460,INRIA-spoon-244508852-244943489:066,True,False,True,False,False,False,False,False,False
461,INRIA-spoon-245681314-245682273:067,False,False,True,False,True,False,False,False,False
462,INRIA-spoon-245682273-245809519:068,False,False,True,False,False,False,False,False,False
463,INRIA-spoon-246175274-246195936:069,False,False,True,False,False,False,False,False,False
464,INRIA-spoon-246216583-246226768:070,False,False,False,True,False,False,False,False,False
465,INRIA-spoon-247837075-247951830:071,False,False,True,False,True,False,False,False,False
466,INRIA-spoon-248403517-248678183:072,False,False,False,True,False,False,False,False,False
467,INRIA-spoon-249529059-249603843:073,False,False,True,False,False,False,False,False,False
468,INRIA-spoon-254745624-256471804:074,False,False,True,False,False,False,False,False,False
469,INRIA-spoon-259378726-259664281:075,False,True,True,False,False,False,False,False,False
470,INRIA-spoon-259664281-259695141:076,False,False,False,False,True,False,False,False,False
471,INRIA-spoon-260087947-260197957:077,False,True,False,False,False,False,False,False,False
472,INRIA-spoon-260612138-265581135:078,False,False,False,True,False,False,False,False,False
473,INRIA-spoon-270437105-270439051:079,True,False,True,False,False,False,False,False,False
474,INRIA-spoon-270439051-271649592:080,True,False,True,True,False,False,False,False,False
475,INRIA-spoon-271649592-272084174:081,False,False,False,False,False,False,False,True,False
476,INRIA-spoon-272467827-272468614:082,False,False,True,False,False,False,False,False,False
477,INRIA-spoon-277315604-277340707:083,True,False,False,True,False,False,False,False,False
478,spring-projects-spring-data-commons-185852074-193313389:084,False,False,False,True,False,False,False,False,False
479,spring-projects-spring-data-commons-193313395-193356189:085,False,False,False,True,False,False,False,False,False
480,spring-projects-spring-data-commons-193356189-194423789:086,False,False,True,False,False,False,False,False,False
481,spring-projects-spring-data-commons-240714544-241322094:087,False,False,False,True,False,False,False,False,False
482,spring-projects-spring-data-commons-254354007-255142407:088,False,False,False,True,False,False,False,False,False
483,spring-projects-spring-data-commons-263410130-263513297:089,False,False,True,False,False,False,False,False,False
484,spring-projects-spring-data-commons-264284792-264335430:090,False,False,True,False,False,False,False,False,False
485,spring-projects-spring-data-commons-271991482-272568125:091,False,False,True,False,False,False,False,False,False
486,spring-projects-spring-data-commons-279152312-279418526:092,False,False,False,True,False,False,False,False,True
487,spring-projects-spring-data-commons-279460664-280335206:093,False,False,False,False,False,False,False,False,True
488,spring-projects-spring-data-commons-286617333-287128429:094,False,False,True,False,False,False,False,False,False
489,spring-projects-spring-data-commons-289903133-292475109:095,False,False,False,True,False,False,False,False,True
490,spring-projects-spring-data-commons-303079759-303439729:096,True,False,True,False,False,False,False,False,False
491,spring-projects-spring-data-commons-323136560-323139345:097,True,False,True,False,False,False,False,False,False
492,traccar-traccar-188473748-188474474:098,False,False,False,True,False,False,False,False,False
493,traccar-traccar-190843415-191103948:099,True,False,False,False,False,False,False,False,True
494,traccar-traccar-195128524-195455832:100,False,False,False,False,False,False,False,False,True
495,traccar-traccar-198464113-198488474:101,True,False,False,True,False,False,False,False,False
496,traccar-traccar-201008628-201013389:102,True,False,False,True,False,False,False,False,False
497,traccar-traccar-207561899-207563891:103,True,False,True,False,False,False,False,False,False
498,traccar-traccar-212058933-212061222:104,True,False,False,True,False,False,False,False,False
499,traccar-traccar-216100740-216167822:105,True,False,False,False,False,False,False,False,True
500,traccar-traccar-216189551-216602583:106,True,False,False,False,False,False,False,False,True
501,traccar-traccar-216602583-216605267:107,True,False,False,True,False,False,False,False,False
502,traccar-traccar-219945896-220224837:108,False,False,False,False,False,False,False,False,True
503,traccar-traccar-220525069-220735965:109,False,False,False,True,False,False,False,False,False
504,traccar-traccar-222468469-222479725:110,False,False,False,False,True,False,False,False,False
505,traccar-traccar-222528691-222667430:111,True,False,True,False,False,False,False,False,False
506,traccar-traccar-225874246-226678972:112,True,False,False,False,False,False,False,False,True
507,traccar-traccar-228965242-229298433:113,True,False,False,False,False,False,False,False,True
508,traccar-traccar-233864732-233868407:114,True,False,False,True,False,False,False,False,False
509,traccar-traccar-237845618-237846623:115,True,False,False,True,False,False,False,False,False
510,traccar-traccar-239191142-239340888:116,True,False,False,False,False,False,False,False,True
511,traccar-traccar-241384932-242095240:117,True,False,False,False,False,False,False,False,True
512,traccar-traccar-243199408-243229436:118,True,False,True,False,False,False,False,False,False
513,traccar-traccar-243640798-243870734:119,False,False,False,True,False,False,False,False,False
514,traccar-traccar-248584369-248666173:120,False,False,False,False,False,False,False,False,True
515,traccar-traccar-255051210-255052458:121,False,False,False,True,False,False,False,False,False
516,traccar-traccar-262940348-263330667:122,False,False,False,False,False,False,False,False,True
517,traccar-traccar-265439859-265542197:123,True,False,True,False,False,False,False,False,False
518,traccar-traccar-267146704-267366528:124,False,False,False,False,False,False,False,False,True
519,traccar-traccar-267371558-268530427:125,False,False,False,True,False,False,False,False,False
520,traccar-traccar-269449386-269490884:126,True,False,True,False,False,False,False,False,False
521,traccar-traccar-273118899-273136493:127,False,False,False,True,False,False,False,False,False
522,traccar-traccar-273236004-273269445:128,True,False,False,False,False,False,False,False,True
523,traccar-traccar-274558862-274871026:129,False,False,False,False,False,False,False,False,True
524,traccar-traccar-275432141-275689407:130,False,False,False,False,False,False,False,False,True
525,traccar-traccar-292295467-292405214:131,True,False,False,True,False,False,False,False,False
526,traccar-traccar-301176898-301185806:132,False,False,True,False,False,False,False,False,False
527,traccar-traccar-305623200-305713931:133,False,False,False,False,False,False,False,False,True
528,traccar-traccar-307668730-307760931:134,True,False,False,False,False,False,False,False,True
529,traccar-traccar-308288525-308872339:135,True,False,False,False,False,False,False,False,True
530,traccar-traccar-309459456-309718203:136,False,False,True,False,False,False,False,False,False
531,traccar-traccar-313257147-313260584:137,False,True,False,False,False,False,False,False,False
532,traccar-traccar-316227226-316639485:138,True,False,False,True,False,False,False,False,False
533,traccar-traccar-322427143-322428590:139,False,False,False,True,False,False,False,False,False
534,2018swecapstone-h2ms-356638992-356666847:140,True,False,False,True,False,False,False,False,False
535,2018swecapstone-h2ms-363210218-363627522:141,True,False,True,True,False,False,False,False,False
536,Activiti-Activiti-357660134-359342518:142,False,False,True,False,False,False,False,False,False
537,2018swecapstone-h2ms-369561147-369563262:143,True,False,False,True,False,False,False,False,False
538,aicis-fresco-330883035-330923179:144,False,False,False,False,False,False,False,False,True
539,aicis-fresco-335666803-335692003:145,False,False,False,False,True,False,False,False,False
540,aicis-fresco-363993941-363994940:146,False,False,False,False,False,False,True,False,False
541,aicis-fresco-370467437-370477490:147,False,False,False,False,False,False,True,True,False
542,aicis-fresco-370628089-370634151:148,False,False,False,False,True,False,False,False,False
543,apache-incubator-dubbo-329355311-329773929:149,False,False,False,False,True,False,False,False,False
544,apache-incubator-dubbo-347256120-347634018:150,False,False,True,False,False,False,False,False,False
545,apache-incubator-dubbo-352635276-352657297:151,False,False,True,False,False,False,False,False,False
546,apache-incubator-dubbo-370383941-370422750:152,False,False,True,False,False,False,False,False,False
547,apache-incubator-servicecomb-java-chassis-330826674-331080091:153,False,False,False,True,False,False,False,False,False
548,apache-incubator-servicecomb-java-chassis-371353019-371886679:154,False,True,False,False,False,False,False,False,False
549,apache-jackrabbit-oak-344414751-344705279:155,False,False,True,False,False,False,False,False,False
550,Blazebit-blaze-persistence-351937208-352045689:156,False,False,False,True,False,False,False,False,False
551,CorfuDB-CorfuDB-330246430-330267605:157,False,False,True,False,False,False,False,False,False
552,cpesch-RouteConverter-331125693-331749933:158,False,False,False,True,False,False,False,False,False
553,debezium-debezium-324021438-324040188:159,False,False,False,True,False,False,False,False,False
554,debezium-debezium-324040188-324047191:160,False,False,False,True,False,False,False,False,False
555,debezium-debezium-325431120-326310450:161,False,False,False,True,False,False,False,False,False
556,debezium-debezium-343712961-343714390:162,False,True,False,False,False,False,False,False,False
557,debezium-debezium-351465554-354212780:163,False,False,False,True,False,False,False,False,False
558,debezium-debezium-356786658-357274631:164,False,False,False,True,False,False,False,False,False
559,dhis2-dhis2-core-365246679-365386294:165,False,False,False,False,True,False,False,False,True
560,EnMasseProject-enmasse-344863667-344945686:166,False,False,True,False,False,False,False,False,False
561,EnMasseProject-enmasse-344945686-344976598:167,False,False,False,False,False,False,True,False,False
562,EnMasseProject-enmasse-357424637-357457887:168,False,False,False,False,False,False,False,False,True
563,linkedin-pinot-342188288-342446553:169,False,False,False,True,False,False,False,False,False
564,molgenis-molgenis-336061452-336065127:170,False,False,False,False,False,False,False,False,True
565,molgenis-molgenis-361210220-361993202:171,False,False,False,False,False,False,True,False,False
566,molgenis-molgenis-361993202-362486982:172,False,False,False,True,False,False,False,False,True
567,molgenis-molgenis-362517584-362989296:173,False,False,False,False,False,False,True,False,False
568,molgenis-molgenis-367638811-367645808:174,False,False,False,True,False,False,False,False,False
569,molgenis-molgenis-369514407-370006117:175,False,False,False,False,False,False,True,False,False
570,openzipkin-zipkin-332209085-332270677:176,False,False,False,False,False,False,False,True,False
571,raphw-byte-buddy-352481508-352894244:177,False,False,True,False,False,False,False,False,False
572,raphw-byte-buddy-357569370-357575635:178,False,False,False,False,False,False,True,False,False
573,raphw-byte-buddy-363589915-364299280:179,False,False,True,False,False,False,False,False,False
574,spring-cloud-spring-cloud-gcp-330973656-330980388:180,False,False,False,True,False,False,False,False,False
575,spring-cloud-spring-cloud-gcp-353059531-353471273:181,False,False,False,True,False,False,False,False,False
576,spring-cloud-spring-cloud-gcp-365341004-365349415:182,False,False,False,True,False,False,False,False,False
577,spring-cloud-spring-cloud-gcp-367417648-367667323:183,False,False,True,False,False,False,False,False,False
578,spring-projects-spring-data-jpa-341944401-342236799:184,False,False,False,True,False,False,False,False,False
579,spring-projects-spring-data-jpa-343344047-343370260:185,True,False,True,False,False,False,False,False,False
580,swagger-api-swagger-codegen-331677749-331695545:186,False,False,True,False,False,False,False,False,False
581,swagger-api-swagger-codegen-364149464-364892960:187,False,False,True,False,False,False,False,False,False
582,SzFMV2018-Tavasz-AutomatedCar-351742666-351759763:188,False,False,False,True,False,False,False,False,False
583,SzFMV2018-Tavasz-AutomatedCar-367688128-367699437:189,False,False,False,True,False,False,False,False,False
584,thelastpickle-cassandra-reaper-324455111-327555133:190,False,False,False,True,False,False,False,False,False
585,thelastpickle-cassandra-reaper-364710673-365484062:191,False,False,True,False,False,False,False,False,False
586,thelastpickle-cassandra-reaper-365484062-365554427:192,False,False,False,False,False,False,False,False,True
587,Activiti-activiti-cloud-app-service-459060444-459062447:193,False,False,False,True,False,False,False,False,False
588,albfernandez-GDS-PMD-Security-Rules-451155169-455669767:194,False,False,False,False,True,False,False,False,False
589,apache-incubator-dubbo-450828157-450884276:195,False,False,False,False,False,False,True,False,False
590,apache-incubator-tamaya-457807119-461484371:196,False,False,False,True,False,False,False,False,False
591,apereo-java-cas-client-408206584-439486928:197,False,False,False,False,False,False,False,False,True
592,aws-aws-encryption-sdk-java-441438164-441901187:198,False,False,False,True,False,False,False,False,False
593,awslabs-amazon-kinesis-client-446289265-452166805:199,False,False,False,False,False,False,False,True,False
594,AxonFramework-AxonFramework-451926440-451937647:200,False,False,False,True,False,False,False,False,False
595,brettwooldridge-HikariCP-446097106-446106182:201,False,False,False,True,False,False,False,False,False
596,classgraph-classgraph-448207270-449613955:202,False,False,False,True,False,False,False,False,False
597,cpesch-RouteConverter-432166807-432169636:203,False,False,False,True,False,False,False,False,False
598,CSU-CS414-WareWolves-cs414-f18-001-WareWolves-452444119-454548119:204,False,True,False,False,False,False,False,False,False
599,ctripcorp-apollo-444069339-444288772:205,False,False,False,False,False,False,True,False,False
600,danfickle-openhtmltopdf-445988164-446994292:206,False,False,True,False,False,False,False,False,False
601,DataBiosphere-consent-ontology-453433108-453941362:207,True,False,False,False,True,False,False,False,False
602,debezium-debezium-437012651-437020051:208,False,False,False,True,False,False,False,False,True
603,DmitriiSerikov-money-transfer-service-446104441-446106577:209,True,False,False,False,False,False,False,False,True
604,dungba88-libra-436514153-436524727:210,False,False,True,False,False,False,False,False,False
605,FasterXML-jackson-dataformats-binary-461131167-461139756:211,False,False,True,False,False,False,False,False,True
606,FasterXML-jackson-dataformats-text-430357777-445435582:212,False,False,True,False,False,False,False,False,False
607,hexagonframework-spring-data-ebean-375829425-451220180:213,True,False,False,True,False,False,False,False,False
608,HubSpot-Baragon-444834347-445744181:214,False,False,False,True,False,False,False,False,False
609,INRIA-spoon-431373130-431373716:215,True,False,True,False,False,False,False,False,False
610,INRIA-spoon-431601111-431664501:216,True,False,True,False,False,False,False,False,True
611,INRIA-spoon-453383968-453477713:217,False,False,True,True,False,False,False,False,False
612,INRIA-spoon-454678479-454678770:218,False,False,False,True,False,False,False,False,False
613,INRIA-spoon-455704942-455870305:219,True,False,False,True,False,False,False,False,False
614,javadev-underscore-java-435386942-435396295:220,False,False,True,False,False,False,False,False,False
615,jenkinsci-ansicolor-plugin-440438437-449394834:221,True,False,True,False,False,False,False,False,False
616,jgrapht-jgrapht-443997242-444189432:222,False,False,False,True,False,False,False,False,False
617,julianps-modelmapper-module-vavr-441307573-461240331:223,False,False,False,True,False,False,False,False,False
618,kmehrunes-valuestreams-438682914-439585987:224,True,False,False,True,False,False,False,False,False
619,lettuce-io-lettuce-core-438538449-438808943:225,False,False,True,True,False,False,False,False,True
620,milaboratory-milib-444855015-444858326:226,False,False,False,True,False,False,False,False,False
621,OpenFeign-feign-454179734-454278346:227,False,False,True,False,False,False,False,False,True
622,openmrs-openmrs-module-htmlformentry-452596787-452623087:228,False,False,True,False,False,False,False,False,False
623,openmrs-openmrs-module-webservices.rest-455565885-458312291:229,False,False,False,True,False,False,False,False,False
624,opentracing-contrib-java-p6spy-390188323-431527545:230,True,False,False,True,False,False,False,False,False
625,org-tigris-jsapar-jsapar-451004011-451741055:231,True,True,False,False,False,False,False,False,False
626,paritytrading-foundation-364820616-448899327:232,False,False,False,False,True,False,False,False,False
627,pippo-java-pippo-446336779-446341967:233,False,False,False,True,False,False,False,False,False
628,rafonsecad-cash-count-435955189-435958219:234,False,False,True,False,False,False,False,False,False
629,rafonsecad-cash-count-435958219-435967865:235,False,False,True,False,False,False,False,False,False
630,raphw-byte-buddy-432194751-432199042:236,False,False,True,False,False,False,False,False,False
631,raphw-byte-buddy-449069943-450332514:237,False,False,False,True,False,False,False,False,False
632,rkonovalov-jsonignore-442009574-442015798:238,False,False,True,False,False,False,False,False,False
633,shapesecurity-shift-java-455763022-456154969:239,False,False,False,False,False,False,True,False,False
634,smallcreep-cucumber-seeds-442531821-442559338:240,False,False,True,False,False,False,False,False,False
635,societe-generale-ci-droid-tasks-consumer-420388707-430936160:241,False,False,True,False,False,False,False,False,False
636,SonarOpenCommunity-sonar-cxx-437974912-438070185:242,False,False,True,False,False,False,False,False,False
637,SpoonLabs-gumtree-spoon-ast-diff-431628140-431912220:243,False,False,True,False,False,False,False,False,False
638,spring-projects-spring-data-commons-458393275-458823066:244,False,False,True,False,False,False,False,False,False
639,square-javapoet-418963407-436938143:245,False,False,True,False,False,False,False,False,False
640,thelinmichael-spotify-web-api-java-441742384-442933713:246,False,False,True,False,False,False,False,False,False
641,vert-x3-vertx-jdbc-client-438227334-440167311:247,False,False,False,False,True,False,False,False,False
642,vert-x3-vertx-web-459797171-460136219:248,False,False,False,False,False,False,False,True,False
643,vitorenesduarte-VCD-java-client-437204853-437571024:249,False,False,False,True,False,False,False,False,False
644,vkostyukov-la4j-414793864-436911083:250,True,False,True,False,False,False,False,False,False
645,webfirmframework-wff-453188520-453188718:251,False,False,True,False,False,False,False,False,False
